model,episode,success,total_reward,n_steps,stand_reward,small_control,door_openness_reward,door_hatch_openness_reward,hand_hatch_proximity_reward,passage_reward
Baseline,0,0,224.00678614308447,1000,959.069976358726,940.5183432323149,148.78370400984804,409.5650808920981,925.4084558340951,0.2836996448733511
Baseline,1,1,208.9940538858512,487,379.9986395729517,459.944332801526,302.8282473995595,259.96256736696995,389.0547210156012,12.454126750505974
Baseline,2,0,258.2809647485697,1000,846.4218025319095,941.5297398546429,260.41687974283644,298.4003574596314,928.6582589525226,0.13569160058899066
Baseline,3,0,157.88417516395006,403,362.22386128282966,379.81068952759256,217.1799498878176,182.99840756112224,337.1717726383354,0.0
Baseline,4,0,217.22218176824472,839,799.8337954533181,790.1954017641252,162.7412858765865,649.9253427685878,722.9825561692646,0.0
Baseline,5,0,109.3075371664369,318,282.78720578736863,300.085720275801,124.10024939047948,241.1132299440955,293.99652362720866,0.0
Baseline,6,0,149.90716130004787,441,378.1676777979334,416.341958087624,182.45788008427672,244.3913793534019,397.46939824235375,0.0
Baseline,7,0,152.28010790275707,543,505.3598549264913,512.0693984692375,142.5123540382787,308.9692094611395,485.92737193367947,2.1103907011846004
Baseline,8,0,250.7423932401178,832,665.7411245615807,783.685147685297,294.2627375475405,403.8643174747765,707.9791333745474,0.0
Baseline,9,0,158.04658404685094,405,321.66729335531966,382.77470830882004,214.95514645708954,273.69228396421556,344.27977968190805,0.0
Baseline,10,0,207.69342896900463,1000,918.6691941754336,940.2722158884166,126.3924993929691,364.50470668686586,924.3946494815079,0.0
Baseline,11,0,238.88991744663866,1000,886.4779900456108,941.1805901441022,191.83218211135528,459.2685098454002,895.697495386078,3.884661950902207
Baseline,12,0,109.28647517898186,398,371.57456773126154,375.1973279922763,91.18569869346604,294.2067448225118,370.1086253698885,0.0
Baseline,13,0,152.96978861037232,470,454.8194016881706,444.93353890184403,153.16143920791583,380.1020335064882,439.70132340312864,0.0
Baseline,14,0,165.94204768103768,713,618.342739000895,671.4193105743018,127.57121661473171,367.4557004121559,633.7704495726157,0.6379670469320798
Baseline,15,0,236.5615242420099,1000,696.5595470301646,941.8320296661792,244.0443459564189,350.74152280752213,871.8434290799181,0.0
Baseline,16,0,292.12097682463275,985,789.3605890152849,928.6008167700351,338.2594475078849,507.25578688491254,802.7234351238693,0.0
Baseline,17,0,319.2699163323114,1000,877.8806948006494,941.5522333024977,390.6085667692803,351.76630111310584,864.6988334279151,0.0
Baseline,18,0,309.6713845373794,1000,983.2229202717081,942.0361577822954,309.10413752356527,618.0830504242681,940.9163234965537,0.0
Baseline,19,0,117.21407141900139,316,286.24198668548036,298.60380976494116,144.84374010797177,210.77673731177677,288.72136264927434,0.0
Baseline,20,0,199.17532338256228,1000,988.1331865917729,940.4939293404275,78.11469094305261,510.65537640980403,911.1070024881741,0.0
Baseline,21,0,78.44127327825096,507,444.0376457679408,477.2238370001081,0.6862022893190332,292.07582715962474,417.29845472392446,2.457632253684136
Baseline,22,0,287.8995256387341,1000,849.254460099443,941.6226920035524,337.62205408208075,331.961222275376,785.9347554189296,0.3693491923992972
Baseline,23,0,488.0945405024359,1000,872.5410328296635,941.6775392395164,781.238594803637,308.87860744095536,775.3804917823609,0.4217119871290833
Baseline,24,0,181.17786269275197,641,539.087507972538,603.9222534374726,201.06733778096407,283.6925173930937,513.9594106801097,0.03125856854036857
Baseline,25,0,282.96080583427096,1000,753.8602438942767,942.2993563220598,335.9448171051906,487.8777833727253,725.4452895369586,0.21737537022297293
Baseline,26,0,361.75243427312796,975,792.1723499016958,920.6580265536786,480.7637903569128,558.4343405165696,853.5925119874818,0.0
Baseline,27,0,161.02350871950628,964,634.2270374426197,907.8083765897647,92.91415874062885,307.98964548944195,882.2348974253622,0.0
Baseline,28,0,409.81353933103105,1000,892.5184797687118,941.7127289751044,578.5562737925619,419.85872208912593,888.0525541617495,0.0
Baseline,29,0,142.35052572383404,361,285.8052511743055,340.20675526728667,206.4503341876094,157.6822328122327,292.48721249973397,0.0
Baseline,30,0,113.60875468926841,373,349.9554287441773,351.67246014779477,116.07631410011729,231.1236460184546,336.36599050498955,0.0
Baseline,31,0,301.2514552611771,1000,725.8698228092869,942.3502156909178,384.9695817630794,294.5999745005007,897.4977363827254,0.0
Baseline,32,0,302.31322830479036,1000,924.06848068164,942.7894691622812,316.18326660803956,562.9991402048852,894.9451958836271,0.0
Baseline,33,0,233.4157002443836,1000,861.7511312378964,940.7756146414881,196.63318507571483,390.134305316375,883.2571400098587,0.48740560861165927
Baseline,34,0,308.6946595137601,1000,902.0834417596641,941.297705240661,348.958881942487,484.4486735953005,850.2969360657236,0.0
Baseline,35,0,91.96870786257259,260,237.2591469525954,245.4400873287024,108.52973133791642,179.37926552133766,233.13854293766462,0.2727482952698551
Baseline,36,0,261.3064611283998,1000,887.1996924619136,941.9064510661332,242.44361446229345,488.83596695241675,883.7677933089142,0.0
Baseline,37,0,268.45370853734414,1000,575.4599704386293,942.5002934618192,348.3768874920393,331.89395579209275,816.7684154018672,0.0
Baseline,38,0,227.76619631190133,1000,956.1310580904611,941.220930353743,151.6502143298458,506.13413796904086,817.1879299158652,9.579856096662738
Baseline,39,0,134.77072941918723,411,377.78874329869274,388.66233282508415,141.06810657885796,332.43820844667295,375.8643866335114,0.36255409887740964
Baseline,40,0,496.79590823398064,1000,929.6757186902332,940.3435585914323,779.378486566117,284.8787901423231,868.0091410413581,2.8791508890786153
Baseline,41,0,185.0194737303416,445,412.4452369364762,420.40225735694037,245.8455853557121,300.3821651867802,407.92458440397917,0.0
Baseline,42,0,494.5098814948273,1000,878.101335829925,941.6578338147345,799.8921436802831,262.33464501879934,757.2843424161316,2.5392762343436113
Baseline,43,0,151.58014875477468,502,421.9359425069085,473.8330624152218,169.63882488946976,274.4532196957552,416.5717207036547,2.5096015790770885
Baseline,44,1,234.94618734778788,746,596.8421067970953,703.3773715779136,283.76170749357755,323.6158261086241,635.7898702565545,8.544296125349634
Baseline,45,0,202.3835021357803,1000,846.4199140268217,940.2241048512537,123.19966989118727,427.572674803565,887.6290760138128,4.574271887679385
Baseline,46,0,146.3147873809469,375,272.857891827324,354.8251928211962,208.73450639197645,234.6870210583571,296.3711874639412,0.0
Baseline,47,0,311.74002005161793,1000,899.9600183067358,943.3350823328947,351.58523052079454,508.7352264782091,862.5944644328519,0.24076801683044813
Baseline,48,0,242.31940765714748,676,608.5809656700169,637.5166788658206,320.196702855466,269.39865651984536,545.8829047708606,0.1954533688743495
Baseline,49,0,366.93620938938807,1000,884.2027205722676,942.1630293874318,487.39948448650154,487.8943003330997,797.481085587034,0.0
Baseline,50,0,111.86702606567594,322,268.0702990591358,303.63975876230734,139.71308632158554,194.6547835999799,279.3722190109172,0.0
Baseline,51,0,109.61713619502629,308,282.22087469488565,290.98368618063023,124.13027611855014,250.54597823086115,291.1382477187495,0.0
Baseline,52,0,280.31768070630835,1000,886.9022281076468,942.292275301882,264.30750347945826,708.7848942937804,847.4202815990245,0.0
Baseline,53,0,392.5963628668938,1000,970.0495186383425,941.3399116168337,535.2063827163139,333.7185657959184,874.9561187748028,0.0
Baseline,54,0,276.9572504459467,1000,887.3342322959036,941.6417317232385,281.52434981437636,488.4290863707137,845.0944602146518,0.014508801616563982
Baseline,55,0,155.8046204736144,391,273.72573946332705,369.51797956347934,227.02685223768867,257.07935843900407,298.46105672219625,0.0
Baseline,56,0,222.90108181236832,826,716.375882545292,778.199213532118,228.74132834875024,347.1053822693892,699.61654982908,0.420382104596544
Baseline,57,0,155.70136996821458,1000,871.0862864963361,940.4448163229822,21.589886632139926,388.0911274640661,869.0355354033169,3.4481360327530646
Baseline,58,0,125.93398793991828,366,336.00575510498544,346.19671859263013,142.03646634340885,270.419995422593,333.9953462076346,0.0
Baseline,59,0,205.5903504547594,478,441.4480116656545,450.7385848567115,296.2369646336814,202.32156588779083,410.65463982808524,0.0
Baseline,60,0,92.30788480243645,249,227.03423615915625,235.01886811343795,112.29915633775741,179.20638283605354,227.5016440064432,0.0
Baseline,61,0,476.7650152580786,1000,878.5714910695514,941.7535457061981,713.0914875112013,354.44943305919594,793.3026004125182,44.935246078524635
Baseline,62,0,332.5197019435265,1000,917.8390558928805,941.1471004048262,398.99421578613,461.8056729565663,869.3073345063327,0.05953244090220522
Baseline,63,0,263.648746611551,1000,892.1491891712807,940.7630485927828,244.56422483332898,449.69202982809094,943.2025151535051,0.0
Baseline,64,0,359.46180389299985,1000,882.7784361091918,942.4347490422148,462.7090910700179,534.3715443664399,826.0601809873189,0.0
Baseline,65,0,178.17029076499364,1000,894.343356157774,940.6261332874011,36.32433136022742,627.3785578223254,924.7734373859814,0.2780977693603791
Baseline,66,0,366.1983866161061,1000,903.5339591388943,943.2539736564718,461.5871546399308,548.4976394846722,915.9204635805273,0.0
Baseline,67,0,237.58396625588443,683,493.25369677188553,643.4180004336914,326.07680944270436,260.4509786721993,626.9989096237615,0.0
Baseline,68,0,297.4092730460713,1000,782.9181668808358,941.8727196776176,345.38269635968976,427.9043415445563,936.516245649844,0.0
Baseline,69,0,501.4317735725111,1000,974.4048033554548,941.4817498223274,770.6023341752599,318.5524300026866,860.505275955193,11.33046726831428
Baseline,70,0,232.80146871988677,1000,930.0374435071615,941.7128232759051,191.32359019016647,319.2821012615529,784.0624748016816,11.260766672140392
Baseline,71,0,188.92562218259323,506,320.3673009409169,478.10161741343165,283.426467502115,266.1076018593299,355.48326988928636,0.0
Baseline,72,0,77.1334494610601,453,425.38010770954,424.82109709883156,0.4334093344723814,363.6758686579446,377.2501267286207,0.0
Baseline,73,0,246.1407372162773,1000,984.1458576227374,943.2736990022418,184.94840952792035,547.7199297245493,848.2824000744595,0.7883453656274106
Baseline,74,0,205.03389492804442,818,633.8531146167867,770.3525996933439,212.4293822617362,286.30028857635307,708.2319705113388,0.0
Baseline,75,0,384.56633844025606,1000,934.3463602748284,943.1962094945864,495.67913434905165,542.6334446095982,924.8028897601042,0.0
Baseline,76,0,51.83818057584115,220,212.6872756197287,207.2786342480028,29.58890868641255,165.54366326401353,204.1193171470505,0.0
Baseline,77,0,377.1757525087531,1000,984.3998295585593,941.7595472078348,489.8642976475068,402.75519572009534,877.8316452741931,0.0
Baseline,78,0,202.1073920593909,876,606.0732782860529,825.9295431212548,201.2209943460514,314.7159939040539,770.2314204146377,0.39808416840055805
Baseline,79,0,535.9600343713661,1000,925.1066685445418,940.9014948838619,857.2774017353005,329.1587895675491,933.4148971981724,0.0
Baseline,80,0,142.8237096329198,1000,846.2803960017934,940.7571792748686,0.20482435987203804,402.14221931142174,860.473085100165,0.0
Baseline,81,0,468.3217613144908,1000,983.8383647241079,940.1093355065184,697.2913510567095,267.3297361114335,835.0423332744643,19.800743844992034
Baseline,82,0,175.85167599210854,426,375.5513282382358,402.4834385870539,243.07804565614788,250.33483314720814,369.20585976702046,0.0
Baseline,83,0,95.5126754659023,286,259.3331455841542,269.7351004281368,108.84634261285079,183.33384261683844,258.0595768752785,0.0
Baseline,84,0,228.3981786788822,599,548.7133141520967,565.3701653183819,295.34300179891335,328.38915758226955,545.4807712665859,0.0
Baseline,85,0,213.9544706184314,1000,843.8459264969599,941.8627242920285,144.01917696840334,505.6092559640864,887.4311992978801,0.0
Baseline,86,0,262.30527080046795,630,406.6781119603825,594.641946962682,417.7585894675043,277.6183246610046,441.00651138725544,0.0
Baseline,87,0,388.04005251700227,1000,986.9270340886893,941.7868276626241,507.62998238739135,439.9744299643219,893.1922849789951,0.0
Baseline,88,0,349.84584323689313,999,857.1480270844792,939.961623281737,469.28332778616806,333.0400042810841,827.5916929208257,0.0
Baseline,89,0,230.3945309844836,1000,869.8657411821013,943.2648367098494,190.44400143661682,348.01705028994706,737.9096753736663,23.77687158781389
Baseline,90,0,318.5847124770352,1000,990.2817458681039,943.7734892976438,317.64370091009437,697.8785654261233,945.7737287412571,0.0
Baseline,91,0,189.5108251085248,514,368.47341606299875,484.15608777534146,272.80730485362295,214.73341843690613,426.0542654613799,0.0
Baseline,92,0,186.51975816049628,465,339.6137961201453,439.23087348128394,272.24813349054386,240.24388152248042,397.51415874095795,0.0
Baseline,93,0,290.2667604525438,1000,792.4614575180403,944.1539885412615,333.5797277665797,553.0790888533237,753.2917718795791,0.0
Baseline,94,0,129.61689935151836,427,400.35855837867774,403.5746842653364,121.73984589993306,339.6041067127152,400.24521692761857,0.0
Baseline,95,0,266.3580438218422,1000,878.8444137090063,941.2372075184063,268.0627347797429,363.8440245950558,895.8231649902864,0.0603283095838264
Baseline,96,0,226.4771736369149,1000,839.5784230519937,940.7060715767091,179.1103634452798,440.1215753150484,894.8168947686423,0.417381057166747
Baseline,97,0,234.10994286609062,1000,927.4049592638423,941.2111996532687,170.3985658727678,510.75283977691737,891.8880935437362,0.0
Baseline,98,0,128.50137234570636,332,274.7587015147068,313.6059006744438,174.12753824666905,199.40286017973642,284.3226885989307,0.0
Baseline,99,0,307.8088172855627,863,776.0471412670528,813.0056683289512,382.0526858849669,455.49476468389486,799.798993804435,0.0
PPO,0,0,519.3913826407469,1000,988.8300319754482,953.4577491100223,725.8847568911676,977.7998762535879,991.4600067269376,0.0
PPO,1,0,454.1571951791083,1000,964.5513483716148,952.4442686657969,598.256676695671,877.600165055552,983.913767546885,0.0
PPO,2,0,429.12529914350137,1000,984.6784262594036,950.9302037463517,533.7902701768022,915.1256465346596,990.3708350814862,0.0
PPO,3,0,531.2335435437778,1000,987.1769616302296,952.9367211738917,753.0873123741362,975.4035908706157,990.0818461830389,0.0
PPO,4,0,497.6352293789225,1000,983.9435510110629,953.5587108053036,678.590887709962,975.5309672869465,993.2274680846431,0.0
PPO,5,0,159.2511825867907,602,560.9655129308113,567.2425226046417,141.67569083984245,325.7569196776215,526.5930716078348,0.03797034001870814
PPO,6,0,469.44011719218713,1000,971.1474887234119,951.1093209475986,632.9203328669983,866.2241158007265,978.5293072538448,0.0
PPO,7,0,437.44088158687475,1000,924.2260140391155,950.4736917084716,575.8340236624977,829.1924342677189,974.0471010205529,0.6857021380042484
PPO,8,0,261.09722006913853,1000,970.0972242578653,943.885950079477,218.57280780671906,506.76318339170757,874.1531674459839,6.092562949535198
PPO,9,0,435.5168280664436,1000,974.2337512861249,950.0199971456468,558.7774026544761,870.0239581282646,959.9560329094279,0.0
PPO,10,0,468.4413565737398,1000,928.1805067094169,948.7272400666303,660.5202056118778,726.8983572295873,935.4499509182486,0.0
PPO,11,0,518.6150806230759,1000,988.8792038037969,953.4661984740278,725.0356168575443,972.3013807676739,988.9336873659934,0.0
PPO,12,0,439.34945286153703,1000,953.2367934282007,950.6386444352369,556.4693616623608,972.4480461883686,993.235304072715,0.0
PPO,13,0,295.2615941438824,1000,964.5507756241517,944.3177617303959,278.0858062059798,643.2771011123639,934.9885508008492,0.32326741774420764
PPO,14,0,4.555307048060914,55,25.66888286443106,51.651084085729146,0.0006436948125370327,5.527527575104491,37.45475037938321,0.0
PPO,15,0,437.4742517025111,1000,923.1989121387197,950.1107895752976,575.488324915297,848.2699124882662,966.7796402269279,0.0
PPO,16,0,505.38090461248896,1000,988.0560960222822,953.002158091086,695.4697723372188,975.2681059685681,989.9207886622366,0.0
PPO,17,0,458.94187150278754,1000,986.6703084115491,951.1461773159972,605.5952170091476,863.0777579509613,971.4049719078439,2.4244999622660077
PPO,18,0,527.9171848983399,1000,990.3815391519072,953.5036266092966,745.8886023771937,966.7345836637381,989.9352109218489,0.0
PPO,19,0,155.34517568376393,1000,995.7021274229112,945.9796907588737,0.3201227072524501,240.55685476589076,971.3012533089061,1.184915431178038
PPO,20,0,518.8191983837861,1000,988.5740825828302,953.6444415131826,724.6807238626974,976.7945942185653,991.9579101020981,0.0
PPO,21,0,393.50694757919985,1000,975.7470839578311,948.6120836548885,470.267640729099,817.8442410620131,963.6543023764914,0.6905545068527056
PPO,22,0,101.83962456963236,279,266.0554932867381,263.2959359662233,115.04222519742079,236.9614705020064,262.12795865830554,0.0
PPO,23,0,155.7759270056157,448,415.4788838790205,424.9864114584925,163.37464938769864,417.6500860747539,438.89241161273935,0.0
PPO,24,0,383.8715032371988,1000,895.8479136621719,947.4829080716521,478.2017578367197,751.7263250781011,922.8581350451616,0.05905542457415547
PPO,25,0,209.38653705963935,1000,985.6084585430008,942.4191324293137,94.92747469339619,593.8956807678856,868.9256973124476,1.8200581602243975
PPO,26,0,409.31705051172645,1000,978.3777616318497,946.7053485829363,514.1479498967757,750.3527495285555,955.8833521919173,0.0
PPO,27,0,523.9655519200494,1000,991.4975873885991,953.5515719411989,736.1602940658488,974.0228282548093,988.9716429136615,0.0
PPO,28,0,220.7779647787223,724,621.1499169559456,682.7228206057073,244.77733682286635,402.06798191945904,639.0392763595405,0.0
PPO,29,0,543.511758361475,1000,988.8952911166738,953.7463035564015,780.8058238125346,968.0505527307753,988.633962470555,0.0
PPO,30,0,518.2610086033031,1000,979.9724394637977,953.4635998656089,725.8255939942294,972.3562569409685,991.5949223173873,0.0
PPO,31,0,345.5034219032095,1000,985.1059297803969,948.0068443797725,364.32208492009056,896.5337247404439,860.1376556184243,0.9624666486525775
PPO,32,0,389.6801901326321,1000,959.6293849084058,949.462652589709,453.98388737114885,894.3305992779547,990.649550166984,0.0
PPO,33,0,507.6728861852818,1000,967.4047929480575,951.9729553902956,714.343188253192,898.8257173638508,983.1514804750607,0.0
PPO,34,0,512.1501247251351,1000,989.7655859477851,953.8772659232186,710.4657296856236,970.871642949023,989.704583066788,0.0
PPO,35,0,190.9737982500804,1000,987.6794665252777,941.4342764200414,36.2676715365377,817.4176159321715,812.6484576875828,0.46803764021890637
PPO,36,0,374.3947453864627,1000,984.0881422409324,947.1294203416747,434.9284875950908,745.2209403543474,964.1461836675674,0.0
PPO,37,0,388.84212144718856,1000,912.2356873942548,948.795318304312,490.3039063864654,731.1056021085143,900.6030523304337,0.0
PPO,38,0,248.0710790060253,1000,936.5829639652701,945.3458379453974,173.84128140610414,681.3335504846729,944.1820868370468,0.0
PPO,39,0,470.9765170446826,1000,985.4273187302822,951.7818971489651,633.131900550985,874.9347847591839,970.4669937762008,0.008948088004848365
PPO,40,0,223.01896667017417,601,582.1699703790182,569.6199844751715,250.64234709399716,527.9051778752056,572.967436437368,0.0
PPO,41,0,516.024117570186,1000,987.0577660925694,953.2540422246093,719.1460708195037,974.8291245946854,991.5168181221879,0.0
PPO,42,0,30.10714571359699,250,171.23181325185558,235.1657237448433,0.13893226776233117,145.05627919805804,133.891620879732,0.0
PPO,43,0,526.1742768660026,1000,987.7808089176591,953.3113510005348,741.8943882366133,972.6750589614976,990.3955940812859,0.0
PPO,44,0,420.77138213022744,1000,980.2273870105608,951.3644007436528,523.1433902168876,872.2543592575985,969.8543109223323,0.006448691728066502
PPO,45,0,487.55067481062804,1000,986.0930788473173,952.9345037813279,656.3067879694186,974.0874482120244,990.8172683827083,0.0
PPO,46,0,363.6524853264751,1000,975.0763366326431,947.9285356407784,398.9256406475136,872.1938235481749,961.7457612858173,0.0
PPO,47,0,148.79285685718705,505,410.9172018340301,476.3687178523263,154.9702276694561,330.01066242685965,475.3080147185115,0.0
PPO,48,0,400.7617786497283,1000,975.609039715229,949.9924510341428,482.5930481298324,848.4029376859019,968.8010329590935,0.11785735047722135
PPO,49,0,306.7969293318853,1000,960.9249272543013,944.31492440707,313.3917395183858,577.7828043615589,919.0779324434277,0.5003931475130216
PPO,50,0,214.063216609671,1000,974.0049564801849,941.7680677748262,104.47822375965778,634.8736619442893,871.4206221005256,0.0
PPO,51,0,416.71284983925887,1000,974.4622665390226,949.4944144244351,518.5925822148417,839.6086165150047,975.6131490806442,0.13842553287912995
PPO,52,0,449.5356648856457,1000,912.5288448570067,951.605998050446,599.8889861799797,873.6069786513426,980.3491571972762,0.0
PPO,53,0,281.27970166434625,1000,815.1762941304335,946.5149331050484,280.9146575986114,650.1060204766219,900.5168914574356,0.27060929386144117
PPO,54,0,402.42563449197877,1000,979.7811909234954,949.6698356031227,476.4306691572612,912.7224591885231,986.8288390445916,0.0
PPO,55,0,37.281479822420806,246,214.5915920367826,231.02520228099226,0.3688600637401168,131.71946255964045,207.5974620769364,0.0
PPO,56,0,339.2858221136711,1000,981.3134593757366,948.2712456461765,354.55842971293026,750.9842703166698,961.9742522338249,2.934190088740191
PPO,57,0,323.819998487666,1000,905.0014728554362,945.4058337460634,352.30833214887383,669.8332255049723,923.7188135960021,0.0
PPO,58,0,523.9611367285893,1000,986.5746163681009,953.5160943919901,737.1594752263734,970.5517820340899,990.596269578294,0.31766467617124383
PPO,59,0,425.30024006517635,1000,988.4561126725908,950.275185005748,536.5310053475487,813.5653725236398,965.1612212868628,2.8560305048671313
PPO,60,0,249.38960642692066,585,535.3366093713101,555.7493674438819,318.1134110819571,538.3261690060116,569.0587036464794,0.0
PPO,61,0,383.6296954688648,1000,954.0256707000868,945.0643192105284,475.2519367097452,645.267603038973,946.5885135951099,0.0
PPO,62,0,158.49205651609986,1000,919.8102527940586,941.0227982000475,37.33476715521047,254.42299877240023,818.3565928227193,4.2825135418560745
PPO,63,0,487.4033883636785,1000,967.8187686188036,952.1221237279519,661.4961706710352,959.6506545596474,991.4115296036965,0.0
PPO,64,0,441.1285323672842,1000,986.0242537935683,950.4896668055228,564.7306557943017,889.0665138952636,975.3133261271029,0.17935085067547674
PPO,65,0,536.3531480144118,1000,986.2351119088155,953.2987888870848,764.4646856572274,976.5971613207648,989.9476517032414,0.0
PPO,66,0,486.5535716261658,1000,875.0789615085585,948.5537376427017,722.5071718285169,728.9584846258623,837.6037262376054,0.0
PPO,67,0,131.02120611650355,1000,929.0927797923162,940.9400946518125,0.05676112821785181,129.55125540201442,734.1702895808133,1.1114236485536457
PPO,68,0,493.25423701238554,1000,981.7259404262122,952.9131517240735,669.4348037653299,977.1016375707912,991.9151423568354,0.0
PPO,69,0,474.64189216227436,1000,981.8762819486067,952.042685248707,636.7708865055932,889.2308721623303,972.3193125214498,4.374023973994735
PPO,70,0,258.69006911030215,1000,902.3704178008222,941.255087427147,237.64513601838226,460.9473713976218,874.9346125395207,0.0
PPO,71,0,402.04614474607007,1000,886.2273079419919,940.7945204083697,569.9657631031204,355.3449425724662,888.4370294895725,0.0
PPO,72,0,405.9528233027129,1000,969.962166054919,950.7499437488742,482.8402463567357,936.1938286696145,992.6592722543992,0.0
PPO,73,0,460.49241305410857,1000,940.6800978477185,952.8214499127786,612.4525600593909,919.4952919673112,985.4734616889698,0.0
PPO,74,0,417.17653372089035,1000,973.0841826874495,949.6338234720401,517.0549250703245,863.1880470998715,978.3158616603721,0.0
PPO,75,0,165.33388420708457,1000,899.004876435804,940.6961331706266,23.955547815490377,816.4881890367428,579.1320044334226,0.5723018331896783
PPO,76,0,172.00915278786417,1000,979.8133905873929,941.0028189684223,13.310800685019165,593.3579012016875,876.3204558209219,0.9430838061355014
PPO,77,0,183.0341376796519,1000,961.7375789954104,940.7776808186006,60.68831290262842,406.6961168334204,877.9989494593984,2.885842928765195
PPO,78,0,455.8666253800916,1000,970.1064303276916,951.7949831673637,591.7816816011095,951.726790004925,992.5259137912981,0.0
PPO,79,0,456.23889931604697,1000,764.8582660922739,949.1288714072267,672.9161703544402,741.9956647673722,872.7364496640798,0.0
PPO,80,0,512.56046435131,1000,985.7610807624251,953.3165482486883,711.7048075574752,975.7434560964357,990.629951970926,0.0
PPO,81,0,401.05702975311345,1000,950.521382279752,947.7313207446481,504.5230847236373,748.3623779925871,930.1806340329266,0.0
PPO,82,0,503.6919224305077,1000,985.053533331954,953.3638235002061,691.736513509831,977.578221646119,992.330710795195,0.0
PPO,83,0,528.6796427381568,1000,983.0346418347353,953.0263329540346,750.1269697639784,956.6911831440876,991.8990439899328,0.0
PPO,84,0,363.8952782650715,1000,837.6026532194651,947.689512742264,456.80978836996655,674.8287827788598,899.9969396494873,0.5773508134227834
PPO,85,0,319.03342030519013,1000,967.9215052252314,947.8364756471934,294.15164316652385,907.2359317147889,986.7654293207944,0.5817009035206052
PPO,86,0,249.89449958530017,1000,882.8608475820671,940.7683526415852,211.13212305056373,499.5331891538731,935.8985184988795,0.13714750672484421
PPO,87,0,365.6175488834903,1000,987.9570707792426,947.7988001355005,417.1133393033697,716.9232878810534,954.5413133526454,2.01084351433707
PPO,88,0,465.2681053123593,1000,980.467028483333,951.8100426985943,617.554779804106,893.6178874856752,982.2918859939936,0.6893715110294318
PPO,89,0,157.4562220672039,1000,901.7488050202888,939.9501255709743,5.394178874909368,813.0879886475269,592.0104859266016,0.0
PPO,90,0,392.7982479968662,1000,972.6273546712318,950.4103474933881,460.7448772673283,876.4491429053396,971.048704820866,1.8090157093559587
PPO,91,0,85.13523549569189,574,400.5453097564222,539.8517114768584,19.049146707658544,452.7878582332289,313.61805439097157,1.6419138585236417
PPO,92,0,391.5761248035147,1000,976.9283922967568,949.1030490216428,470.16888948539975,769.4774176424016,974.1672931620785,0.24832617693968073
PPO,93,0,191.5035173643343,1000,968.669982564828,943.5467054121297,47.73480996794432,698.1497132686745,826.0760598532703,6.875308296977773
PPO,94,0,432.9742809502922,1000,905.2623351540938,941.55181272828,624.5842306528807,363.58048378437843,896.9336822956723,10.383009458539684
PPO,95,0,534.4872272842445,1000,986.7528093450584,953.1233264175625,760.0652202006652,976.9454993268087,991.2306915761906,0.0
PPO,96,0,481.00321599210014,1000,980.9501482795124,952.4361955864399,644.1070429467362,962.3801222794992,992.0303325457099,0.0
PPO,97,0,343.4138892510639,1000,836.4869573651926,941.7643205619415,435.20599828840125,477.54027596306133,897.9568512277552,0.0
PPO,98,0,194.48754012264234,517,468.2660111358121,488.48957267243816,233.44210648592198,417.94528765701017,482.97045325050647,0.378068050272932
PPO,99,0,486.47375139689143,1000,972.5023379864193,952.235692423449,658.3045534482907,960.3932286994357,991.8210874194849,0.0
GRPO,0,0,186.30760568578367,535,460.97099969006024,503.8529219493755,239.69767196175795,229.2518541784296,464.15985042815396,1.0151013851723918
GRPO,1,0,237.17363737125117,977,921.2347142077308,919.8543459307941,162.5943966870901,657.5269488148701,860.4396067586299,3.862283615601849
GRPO,2,0,17.786059146395342,185,131.60870157272728,174.23226591307863,0.014518430009611135,18.5412197334049,88.89903639844897,0.0
GRPO,3,0,324.1181176215087,999,881.1927799310622,941.9766894471283,378.5909284139497,522.425934408713,883.5270882509927,0.9969106499989765
GRPO,4,0,132.83269278864626,593,520.0299419679078,557.9524294779028,87.63888560142003,281.16385280234084,519.9590708106125,12.555302952725164
GRPO,5,0,162.65563816399376,435,349.43955195143747,410.79214759545476,220.50672071359273,237.30242017521465,365.2815946336196,0.7404663260255758
GRPO,6,0,251.94494529642486,1000,879.4057654964561,942.377654830361,215.3905721268133,549.8640623901988,892.3631859771837,0.0
GRPO,7,0,251.09157281421724,1000,893.9262626379224,942.0543361289696,210.17327450738085,608.4500327465836,836.6307131018281,0.07442014124597973
GRPO,8,0,159.63724737163497,472,391.3173840184923,446.10962520982247,188.52709682370852,310.9099776686988,424.3116853962769,2.9295411069416333
GRPO,9,0,109.04546080592363,295,229.47765884617732,278.365531593244,146.47760633010424,173.34521890979704,253.1338580060601,0.34223810705110413
GRPO,10,0,234.14569555663923,977,931.6856917439601,921.5659676417381,165.95921462439554,536.6511244442125,846.9698253910926,6.793082568500474
GRPO,11,0,244.00214933878348,1000,921.3221252388979,942.22772181517,185.7730333715461,563.8999516056051,897.7262889600555,1.3960126132828121
GRPO,12,1,219.18675970615462,499,428.4886650382661,470.6108009093116,320.44200310504124,219.37162251303093,411.5226628891806,8.604514626336176
GRPO,13,0,255.09038242397565,1000,945.2747300357205,940.2264633871106,242.45827044492634,328.9449330087008,813.1241115439286,0.005840945685728682
GRPO,14,0,347.7135149583296,1000,952.8413425057372,943.0323981609192,415.8029138827929,520.2854942235696,892.9341979535843,0.18990265494103864
GRPO,15,0,180.65923806898306,1000,925.9599446705694,941.5331127548191,36.47817438136488,911.1052054175809,618.2726279831475,1.6508242969521172
GRPO,16,0,163.53762799750655,501,491.7283907230757,474.7225063894841,162.5854059691851,388.22023515069924,470.60906706940557,2.3778503395600987
GRPO,17,0,227.88945367530872,713,540.2545389790455,672.7496700184374,298.89749036636886,274.1542992988258,570.2393603770788,0.423934955985488
GRPO,18,0,81.12017840993285,550,437.5957197871524,516.8589238201824,15.229177516004288,339.1102962013492,287.25796248993703,5.168259482729416
GRPO,19,0,385.3518686747234,1000,700.2517360339998,943.4714016100417,562.1936512046321,447.969664959227,853.3780361562428,3.302765455065794
GRPO,20,0,176.22166470847256,459,379.99744439249554,432.9036771090385,236.98942295783078,279.6822360539844,394.4426579777518,0.0
GRPO,21,0,150.08714588939293,604,582.57524957069,568.8054219821365,124.21818879774276,270.83511141907167,506.74458465220243,1.265019016124037
GRPO,22,0,125.7763222706219,678,613.7202029656718,638.1768322965667,0.0005932035146709652,69.30302307106679,433.7898328200926,122.43905445391121
GRPO,23,0,286.7791516420935,1000,933.6568280835392,941.8535238808093,287.16604040685496,515.1314390492114,876.8156341252936,0.0
GRPO,24,0,254.3084308759216,1000,984.7978317091839,943.7151094903503,181.4070783177171,641.1872624768105,911.2070331235927,6.032045085033787
GRPO,25,0,105.90641716090052,593,472.76539270504696,558.6552581114361,49.50150298004481,266.8758590231716,484.0005714455439,4.3851388825913435
GRPO,26,0,148.15689172631335,531,508.51766646971333,500.5431004394564,134.98960596168757,264.4558034884006,449.4228411869101,10.790092142102647
GRPO,27,0,130.58528331743716,363,326.4750438404156,342.53350339793326,159.96670890212772,226.0868925364876,323.2484841200289,0.9048351491717856
GRPO,28,0,85.54472166126816,259,244.43323122370148,244.5215274339408,88.7607960549966,205.5084599123081,244.82825160136161,0.0
GRPO,29,0,310.30299600507186,1000,855.0889718449606,942.6738657259186,354.11183007061294,519.8269638848552,885.9448385913466,0.009069423298480261
GRPO,30,0,195.59682704282454,600,543.0890101176847,567.7480332358692,210.15146988909686,439.5383799033206,543.920767891274,1.2207450403605875
GRPO,31,0,132.0295209770727,473,435.0741292780225,446.02288411730586,123.22359147944208,276.0075642056659,426.2748753572016,1.2409391442905058
GRPO,32,0,74.14994456298244,532,312.34510945964973,499.8229835442902,18.590025667876475,500.04322220171184,221.0358679356003,1.0355512053344644
GRPO,33,0,169.7153232831068,1000,896.677897321084,940.2394909253012,68.76957184211408,204.59536332302469,753.7464146916778,18.707851226062132
GRPO,34,0,171.8569074410044,483,332.5966575223178,456.99050321225087,236.9206815355008,298.9956051314093,374.15958065748947,0.289765488752478
GRPO,35,0,236.23013456246187,597,388.43541181302174,564.470947024464,352.4943828319692,296.01505261238225,478.27353336585094,6.118865637043589
GRPO,36,0,151.4445554630407,1000,947.0325066955413,945.5833774296833,0.29085624920994446,244.2447375752059,953.9958132112614,5.299905000383804
GRPO,37,0,470.7184515486216,1000,968.6672020356062,942.5533106560982,658.2153719267657,343.7460670376382,860.4994258741056,65.71605440109364
GRPO,38,0,165.55643679733714,1000,895.1691509685669,940.4508546952428,7.929513755137171,702.7111055876225,853.0697472558176,0.0
GRPO,39,0,119.70077606218432,365,322.1680667847105,344.68266443853565,131.71648653896506,261.38602800016065,332.8949331738178,0.757902004770606
GRPO,40,0,68.15970399707112,366,293.5234910320397,344.3784287650172,39.519139795527785,173.48777670223518,281.5328928367004,0.01801427709574177
GRPO,41,0,204.12860794435005,763,671.7089994146974,718.9704028684939,194.74261180644166,489.6914664374512,571.5874600491586,0.32710934347253884
GRPO,42,0,203.62435936671557,1000,977.053790052642,941.7551077154651,106.65172872352237,442.03615490215515,803.1690202759512,3.8562712574244338
GRPO,43,0,228.526184932669,869,795.5378546644945,818.6976099734203,177.92082810171598,339.9577712925313,660.1273134873977,67.10837292311389
GRPO,44,0,178.72960640001503,467,246.3521457429272,441.1839261942605,288.0587316314873,216.68670767264524,289.931910972386,1.2397164638795426
GRPO,45,0,128.81779999767133,575,486.1539759684701,540.2869326370821,94.89883936592186,293.4968319679967,515.0585853278974,0.0
GRPO,46,0,67.83206576769872,424,391.10828262745673,398.7150773671874,3.5257051091735163,273.78559792806317,309.9620556120474,0.7779369604112464
GRPO,47,0,94.79915433703535,306,285.51326843216526,288.54724568718774,93.51702946429747,227.71742344504204,288.0540429701604,0.0
GRPO,48,0,126.7172852392561,414,380.07433657834105,391.2647470158038,125.86074890077724,291.494081588362,387.8536921011975,0.5033081971385168
GRPO,49,0,43.82593431026785,255,239.1597435123536,239.77499740636068,6.052432138531467,144.3164591299392,227.47541229901478,0.06333324359287718
GRPO,50,0,124.83240977365156,833,724.2629323723421,782.404682591183,3.317552267757349,375.2232234321115,716.4748713773912,2.0556825104793317
GRPO,51,0,166.106346079539,442,341.9714959465589,417.84947109075904,223.8533711175685,296.29975886572134,363.9189649903196,0.0
GRPO,52,0,327.621958094781,829,679.2342508447645,781.5454565827771,460.5397649213484,334.61569810317854,713.6526843998507,11.114505157650827
GRPO,53,0,163.23328527027084,411,346.5004714766896,388.06331694955617,224.86822649961172,233.68679277898948,347.2798575110282,0.7733170667408984
GRPO,54,0,111.55274554019233,324,305.51398856816985,306.37145636303006,124.23728252964742,230.6770527455322,302.3833198590125,0.2689100659691096
GRPO,55,0,111.58469886746467,347,286.30379765164537,327.27123731813646,129.16537913331763,216.43697483076312,307.3540537558334,0.697215801352225
GRPO,56,0,98.37281328220497,311,285.7490212876571,293.453957435417,98.79069389717907,234.25136810958202,291.86427164235675,1.816695649640641
GRPO,57,0,225.31876401478007,1000,958.0352710631479,942.0692588777749,125.3675206175117,630.4215749550843,940.0924326774298,0.34761250640248587
GRPO,58,0,154.62118386799906,451,356.1230928385356,424.74311260889965,208.1405118804541,194.24587195192754,353.70091937885405,0.0
GRPO,59,0,191.9121409691108,1000,799.8092515648298,940.3179273553986,122.55361188547461,290.39153352967696,939.7805528968777,0.12685007294055295
GRPO,60,0,245.30945792050744,962,885.7169024192043,905.9725364047225,208.15602929770168,478.3271037682821,842.5695635760948,6.175050621110033
GRPO,61,0,131.79510872516119,379,334.5366295628262,358.1391200766543,152.49387628532904,288.10397492142755,342.6997208946333,0.0
GRPO,62,0,299.0010012440414,1000,977.2434419288047,939.2952817740781,325.6023811734098,355.3492277072578,843.0970017947428,2.1787370690221897
GRPO,63,0,85.47296863781231,598,486.48525281141724,562.0404183965901,5.378923872563905,265.06092105179357,474.037431061164,1.0580491668332241
GRPO,64,0,100.51602451340295,287,267.2833783077661,271.5530465473537,114.14953066961229,214.16743332042182,262.75984368935883,0.0
GRPO,65,0,240.14292621872633,1000,852.8877559256213,942.2678332680296,224.39567581088914,346.1507115575248,825.2180580022223,0.5760514657238147
GRPO,66,0,201.67330097234628,891,827.3490932388969,838.4877846513327,121.90748039407396,604.9914986189948,771.6487410121005,0.33024573640821386
GRPO,67,0,219.38712552859096,858,819.0594540217085,807.7397401209619,181.1023750810252,424.98651682065366,774.7138238052287,2.2462169232543117
GRPO,68,0,186.91848485259865,1000,958.8485474875674,942.971419916774,38.85707183589958,666.3305334506676,842.4155481270913,10.183989346403406
GRPO,69,0,132.77274757399184,439,425.45745669716126,414.0074715366593,128.63536197343663,260.72242020424073,395.29377500520263,5.597247793124477
GRPO,70,0,313.0062907248682,1000,987.2316086452105,945.5907868732157,295.5654067268049,755.5195899552374,946.4967893332531,4.4169059225959
GRPO,71,0,149.3363779853593,494,415.65976397088974,465.1041253123845,174.56445983111846,219.6014374014945,391.91113692660286,3.0449564267785316
GRPO,72,0,40.759817746348766,306,198.1215730989203,287.5694829330374,0.0024665657908562147,34.095866103480375,213.38969112495414,27.906595769225028
GRPO,73,0,275.23550752025164,1000,882.1977536220139,940.2192963879585,292.44791636695226,334.64909297155583,878.9728107778731,0.0
GRPO,74,0,58.313900923587795,376,289.32381106966625,353.63630331174954,2.224081012273096,340.7480994418641,237.35093837232557,3.3408561523217006
GRPO,75,0,265.5734998035526,1000,865.0852353257641,940.7381055311084,253.36358415503102,420.2598331830837,962.8820682063119,2.857753582039779
GRPO,76,0,297.03828625203806,1000,855.1422823519848,940.7000506612325,340.936826540533,412.9048548812966,849.2726082537654,0.1626286606754016
GRPO,77,0,247.61916067213497,1000,925.9356738358771,943.1245145765347,212.30644965481585,496.2084277484956,798.1799660991196,0.020639106406516783
GRPO,78,0,296.3600957766792,1000,854.5342369743954,944.5883292881776,329.9471564360382,592.2022551635953,750.23596824727,0.0
GRPO,79,0,116.60682618742638,352,318.13855323864044,332.8521445459629,126.6970625394877,246.71709751025531,321.568974453278,3.076511551838168
GRPO,80,0,66.510971667392,409,341.55436712858096,384.9206061803002,5.418213700998583,352.6959262477717,262.1331738834549,3.3546544058204537
GRPO,81,0,241.90508607353604,653,525.4466248054171,616.0318079427512,326.8096576787214,336.83992949968393,551.4253291147385,2.3630574322400397
GRPO,82,0,110.48977966558614,517,448.6283906996409,487.8183709181481,66.5854129664135,275.34342299018647,488.2586581438831,0.0
GRPO,83,0,143.50596065654182,855,766.4629654214037,803.8361533163422,7.175443950283568,687.7079578211274,675.8754216824294,0.08976038387842677
GRPO,84,0,280.82566521221133,1000,958.8883964344637,941.3777875603364,274.8968706727683,534.5423655842948,757.3157080063133,6.429179854025371
GRPO,85,0,224.87580781501632,671,554.0770860044055,634.9075768491399,260.918160061381,491.3578148873853,607.1580837857925,0.12873680841071256
GRPO,86,0,284.8159563330299,1000,875.8421258560126,942.1624836764429,285.94462628830837,547.6028775701812,902.0325590381249,3.1605566214609313
GRPO,87,0,184.18136916164045,648,579.5080835084252,609.4571711583695,186.0687815049525,285.4202976553623,509.53120051894604,17.680050147432542
GRPO,88,0,92.84035553758677,264,241.3468189384797,249.63141404766893,106.61528359325254,197.15731938243314,243.5372686432119,0.0
GRPO,89,0,244.85840791074355,1000,863.457187494199,940.9431660744226,214.82842583094694,494.01251017096774,806.7918621034211,5.3863852406096475
GRPO,90,0,169.64903517225363,568,463.07167387895623,535.1018195012643,190.63417877229813,296.1057341140584,486.237220788014,3.1833415083495877
GRPO,91,0,192.9785625379749,517,345.0011729836276,488.2734059839586,279.60023284933413,291.1840957148065,399.6046776844141,0.0
GRPO,92,0,241.9710740388736,849,783.9720675306994,801.5816687358958,237.19460649349088,474.7897482239193,741.8183596685475,1.0773881720704603
GRPO,93,0,265.9944667567903,1000,907.404239498045,941.0255206277377,272.3971287611002,324.6138249379238,813.154090677633,3.245959059681751
GRPO,94,0,454.85763179878563,1000,880.1904937689084,940.4102590307219,712.1528492964053,234.26709700131724,771.6902116205708,3.735375949234034
GRPO,95,0,256.646978361321,804,612.063845677656,756.7085949701129,342.79792902981944,306.65363712789554,582.6618565341505,0.8509945492069597
GRPO,96,0,225.09291229365135,758,368.8105269927706,715.5134544614742,350.4775203271494,262.1360567274275,385.1086506227673,0.44009743220804143
GRPO,97,0,155.23489858123457,429,343.2383594905907,404.87761638271814,201.91660029318987,252.79428674333667,382.24649580525005,0.567817113928218
GRPO,98,0,257.2429913764013,1000,949.4524968995671,941.5350809758406,212.7930088414404,523.8183875571764,899.5354670776975,2.612692084874788
GRPO,99,0,107.73118532876117,330,306.3389103993703,312.096175075542,112.63152138091233,238.89630744844254,294.7040916642026,3.9529413954914396
PPO-v3,0,0,173.35496513608882,1000,975.075759074595,941.0175096045352,5.157754972972714,695.996386679484,873.6709478070882,2.2529140029833794
PPO-v3,1,0,75.9556930190267,476,355.9142911724028,447.4760920918,0.006613264857814307,65.59104438822297,290.9136389337112,70.49296666952357
PPO-v3,2,0,263.22238896174485,1000,968.4832942247717,940.7377812983317,248.23067548971105,369.3247665324195,801.8133566408152,5.283884956676339
PPO-v3,3,0,182.12173519944415,1000,959.0497063821069,940.0759868647924,64.60533066504557,411.27224685482406,807.2382643807456,5.611462660693347
PPO-v3,4,0,184.822689702963,1000,983.33555683166,940.1409830501584,40.204126752560946,488.33222803536586,796.1101250575109,28.73355511102637
PPO-v3,5,0,138.16089816577235,1000,899.5727460071876,939.1748380849377,0.030077576603239734,190.0876122247492,675.8788187268127,29.62296515940077
PPO-v3,6,0,147.07834671104786,1000,945.6974303498889,938.8195762290403,0.27430692808677976,368.41418194866003,756.5750381969058,5.4857006647541375
PPO-v3,7,0,277.1934092889943,1000,964.0093488526711,943.6500060473585,246.00000075249397,411.8853728109559,797.3024880996282,43.01966100082733
PPO-v3,8,0,146.8887633196124,1000,997.202335725653,938.8791799845759,0.06715602060427656,182.0108726354526,769.055447599578,16.22749076251262
PPO-v3,9,1,250.37194269300716,830,743.6433218995662,780.9772181390512,285.1628322097697,243.38020595630272,613.838490865402,26.312751806797856
PPO-v3,10,0,160.28830496341308,1000,932.4736294651581,939.9423121657652,53.45658487048494,238.76369670097145,717.7050659739848,2.1561397779464757
PPO-v3,11,0,187.8229188922086,1000,968.2710787313891,939.83183774479,93.51489282013075,311.5627190129993,731.3593109445728,7.400181551825119
PPO-v3,12,0,84.56091330872239,311,285.13175596914806,293.5618618611584,74.15427061711333,199.15874129961608,278.9711111610843,1.0496952991024855
PPO-v3,13,0,150.62195765165725,1000,983.6459151621638,937.9616275147725,0.08420163143682255,252.0542322703642,825.5354738458698,12.689895911761475
PPO-v3,14,0,252.19601574296422,1000,918.3244276917223,940.4769241860789,226.64011744712445,389.20428403627795,816.7379162525932,10.096347246298155
PPO-v3,15,0,210.00365575306606,771,660.276829035544,725.8747855142815,212.23290004750905,394.4457100959236,651.297992175759,0.1162657412161544
PPO-v3,16,0,179.82625867957904,1000,790.7845425682009,940.963552869571,79.8063506639665,489.7676659199147,900.178773751718,0.025986952175318545
PPO-v3,17,0,136.3812861146849,555,505.29926866269545,523.508023373709,103.04252506184348,255.77328019533243,420.1215125481868,24.39649564869971
PPO-v3,18,0,127.99462464241316,947,852.5549958762787,890.5070129370187,0.055541444536274326,220.00881945834746,693.5633814314688,6.038414008757392
PPO-v3,19,0,114.66706581742083,321,302.0740239210307,303.78876931867194,130.6304903112249,242.49049999254146,303.19016599437094,0.0
PPO-v3,20,0,245.84374645705716,1000,952.6472336216904,941.198592144271,196.74104030935476,367.23231710544655,785.3216485932946,28.58430426131407
PPO-v3,21,0,106.15480374005044,329,302.79289924767676,311.2039008384888,110.7339414952187,253.4885759951498,295.65093891413295,0.5960933696085475
PPO-v3,22,0,384.3218986948772,1000,944.5097620335329,942.7331509002742,505.3278538662185,501.0630604422749,852.5855731549741,0.5336755815289931
PPO-v3,23,0,247.26942127979075,1000,942.311494317256,940.9272119331587,221.536746017945,354.8064781729454,806.2587141163415,2.422074921366827
PPO-v3,24,0,113.20875625551557,371,354.5705102804264,350.66213656370184,109.58631166772662,263.25822925319494,344.1612392473526,0.0
PPO-v3,25,0,101.68327365357932,315,279.4249262155011,297.8287023239226,111.3680763752708,224.09472976695298,278.0615997243935,0.06869207270990974
PPO-v3,26,0,96.31862449264318,570,394.2956547783108,537.3273531434323,45.39078995490125,280.7792160677801,490.3276519438961,0.45610566103450634
PPO-v3,27,0,27.751194542241883,200,189.1795609518714,187.80172133416997,0.0007532357925789431,33.21918991159458,126.1395772680712,5.768524149819717
PPO-v3,28,0,52.092323968895556,382,333.9698111378968,358.7360445965519,0.02256530009898717,73.59685557170735,290.33876191613535,7.213713572493262
PPO-v3,29,0,105.70478346230766,326,295.0470970191066,308.13735682073843,113.63251851287214,232.91029351120488,297.98321761539415,0.3411211976464562
PPO-v3,30,0,133.31775508707344,829,679.0796731810855,779.1163033452365,54.8066987575187,238.21846017864198,607.719478060537,7.2817779836403975
PPO-v3,31,0,143.099877614635,429,402.0757404270705,406.414951270789,150.63224744222836,339.90936787976034,402.0049069183227,0.31150716777336207
PPO-v3,32,0,268.1450315897396,1000,970.8589726766943,940.6200735681732,254.05940451745226,355.96742661150654,853.1933317283706,5.807371185747618
PPO-v3,33,0,177.88923268688163,1000,938.0724932817379,939.9767117632545,61.68871813852629,280.46710116539424,781.8197286636081,25.252672322559143
PPO-v3,34,0,182.78119655505384,1000,950.0863338018269,940.0951380566963,45.121004141084725,553.1628848945351,901.4083399795902,1.217279313729616
PPO-v3,35,0,126.8429312014864,1000,787.4114646385048,939.1361889232173,0.023279061454544562,156.6809641126168,810.9826955005311,12.89726183863656
PPO-v3,36,0,194.39356053817076,1000,951.5565385526928,942.9176104305623,34.07292143455493,804.5368956339881,874.1680890651232,15.414778249645073
PPO-v3,37,0,175.4375255025494,1000,963.1821233896445,939.4977664572929,23.17490264837659,592.365462500403,740.1416892356715,22.539321588869623
PPO-v3,38,0,148.4156039824493,1000,923.4009115456213,938.8994027806192,3.1387378335327707,449.68359774437545,749.9215889134279,0.9689901931498336
PPO-v3,39,0,117.91503022933442,602,456.1348287610522,566.5374229893458,69.13288684305762,335.8405197045281,541.1906473813858,0.0
PPO-v3,40,0,39.08792204604962,279,255.4301510711143,261.99320383065975,0.0019303880547569222,55.658751765813875,201.28166344184243,6.43397599757317
PPO-v3,41,0,165.56763274242374,1000,841.2858745092174,943.6539496125405,19.432902320011113,626.3387933951333,922.0507776441963,0.0
PPO-v3,42,0,179.59464188272997,1000,843.846527264412,940.1757376989765,80.99473907341245,387.49571477640086,864.2259964636714,3.494171739240164
PPO-v3,43,0,262.9061150111527,1000,858.0579987794997,940.1491746661243,275.72685267705583,320.7606444032998,818.049386888482,3.469622940291052
PPO-v3,44,0,168.09274284229468,1000,952.431393143298,940.3492283226981,15.439864284531494,554.0217356478317,840.7555992863718,5.2459009096105795
PPO-v3,45,0,169.61694852634196,1000,945.4263862873246,940.2773819944093,44.61486286951074,320.95945200447414,767.8321276923515,17.701546005704824
PPO-v3,46,0,197.43500595343204,638,550.3365893241909,600.8271376409541,227.7877848796859,300.1861186797669,560.6701893329068,0.1378983384786706
PPO-v3,47,0,222.6225648279942,1000,866.64709483638,941.0828825076784,170.0053179740886,353.7600671691094,879.2613306415898,8.266081653577018
PPO-v3,48,0,152.94537290307017,1000,963.3584312005536,939.9796498843253,10.605966148099455,295.7165626418853,733.0234638700122,17.666196760544974
PPO-v3,49,0,27.384934296388384,201,184.0056058799434,188.70125151740712,0.0035991167709929868,40.34875397814179,139.27970209116265,3.215511202896196
PPO-v3,50,0,154.91963665330096,1000,998.9617023715182,938.3505949172476,0.05237151163265034,240.71199208090917,775.802428045759,29.521824861841697
PPO-v3,51,0,96.79769133242955,285,268.6654819184695,269.2881478708354,104.97140888772766,208.00027825052547,264.98115230021807,1.4737330070460182
PPO-v3,52,0,176.83082045950587,1000,938.814022179591,942.1102115993082,18.344405398541415,533.8861711318202,850.5085827913892,31.185023807009824
PPO-v3,53,0,300.17123604479525,1000,860.7209989899073,941.2850222262728,335.61891089879776,365.72323060229195,758.4156032584647,34.01149549705995
PPO-v3,54,0,161.06961606222873,1000,975.0584941537927,939.3305136538743,0.4782282007318784,601.1036525122842,771.0608612557266,1.8732977695249549
PPO-v3,55,0,173.56058118618844,1000,988.7748918105624,940.4409720893535,22.83131629058701,528.9166786131324,863.5709100475445,1.9142121594371038
PPO-v3,56,0,141.77556830959603,1000,880.431551274697,938.7914086723702,0.032254648135142616,253.4111609266589,865.6665891433518,9.03809926446259
PPO-v3,57,0,208.3854974142063,1000,977.3588144619072,941.0836093689192,120.60352381817059,341.1322399085768,897.4238256300158,0.5779365618696185
PPO-v3,58,0,190.34203613536636,1000,948.2090178429436,940.0009332048043,76.58421884468795,440.6058569212341,846.8922992035651,6.75823308790386
PPO-v3,59,0,229.51774429443196,1000,976.8535822855598,940.9941793755219,146.97982405524345,468.61402326998814,870.0702457814518,12.9092620237179
PPO-v3,60,0,92.89833445518185,263,244.9054824451945,248.62953880525922,107.24841199998602,185.99234064451676,238.93243082815218,0.6633545610341177
PPO-v3,61,0,186.07482095361476,612,470.9730158038813,576.7023394469302,231.87928961352287,267.820942263748,451.46273460496917,3.862392826528037
PPO-v3,62,0,85.76267382222997,525,497.58591553047165,493.6115728882837,4.24803714313834,267.9026657194544,428.5318187809523,6.3992016244839265
PPO-v3,63,0,159.9969517662314,1000,911.4578863414414,940.8418651145265,6.864058780480348,257.14729275649785,754.4731861481972,58.78765657202991
PPO-v3,64,0,186.38269389751076,1000,995.295846685051,940.772980611423,26.723265729307148,294.10742933223884,767.2747805749308,79.00849059870148
PPO-v3,65,0,75.9115305392478,542,461.0941506039783,509.0017032607337,0.01264895004063111,144.75283059541695,478.8599650896298,4.117063269808286
PPO-v3,66,0,289.6374454778284,1000,896.8134414377239,943.914051079038,277.9858686484046,673.4273962565603,915.8487951016008,1.101916891572038
PPO-v3,67,0,106.56302849312848,587,511.7575554755794,551.4538652263911,40.9660270080153,293.3126566857251,507.63955079724025,0.0
PPO-v3,68,0,196.3409889928637,1000,959.3928758413962,940.2076412112928,86.22641220968617,454.38720424888476,858.6050417808686,4.808560919667161
PPO-v3,69,0,289.0570570842858,1000,916.8304601257562,946.3920141781664,268.57947335410927,714.3698106168695,910.8366967061082,0.35264496109754695
PPO-v3,70,0,147.99227047026318,1000,957.5689017447916,939.4727282356331,1.362730844476076,341.18806692390683,745.7506367952527,8.77674115769839
PPO-v3,71,0,101.13121326689031,271,250.2858009509674,256.36612069009584,122.80456272096873,192.24639377576557,251.38735158271484,0.0
PPO-v3,72,0,168.19475021259234,486,403.9263602309771,459.1128455032016,213.14409567070058,281.53151750537035,383.13206155486415,2.544103973411782
PPO-v3,73,0,338.30330719224855,1000,934.9053792251246,942.5106132111858,407.63466811885826,483.9013804128611,848.7576524741942,0.31435870622158046
PPO-v3,74,0,226.36930469395764,1000,913.106216715549,940.5639486679331,170.78181043077234,448.43301753751376,821.6821080605149,0.3473381850485361
PPO-v3,75,0,324.2394651609271,1000,912.5396147465044,940.4711656840734,385.8557695530836,396.2929495877025,839.779303945499,8.455567924819642
PPO-v3,76,0,167.69972730036116,1000,949.3059953771871,940.3957070249347,9.356830200090663,709.7053662073114,750.5569092733633,3.4146937658866143
PPO-v3,77,0,232.5908685987018,1000,946.5971254937315,941.9723501796167,160.8332636183209,576.7009291403106,843.295089550113,0.09842251029191629
PPO-v3,78,0,167.1034615752275,1000,965.1784198003381,939.3515423650942,7.233688061342487,595.6209557048247,809.4591007008601,8.36195955258666
PPO-v3,79,0,151.02601672597865,653,574.0503288642263,613.8668114858496,113.84452296122112,318.5368277729486,594.910062252917,0.42339694478328005
PPO-v3,80,0,153.79186209567882,1000,908.315828716671,939.6818926630074,1.1433704890673748,360.74437684864483,800.6530254248797,28.201970146776844
PPO-v3,81,0,202.56629162410619,1000,912.9481536854678,940.4320356534381,122.42252071010013,412.33165316253786,789.5399469734126,4.309034214313441
PPO-v3,82,0,189.49380424227923,1000,939.6032689101489,939.4287047251895,74.06798297572936,426.4413482802336,920.2174322709204,1.5994939076217662
PPO-v3,83,0,97.94499011493087,301,273.6296984811739,284.3142536682068,103.87748250849978,206.6120737948064,266.56144734853126,4.809297600604461
PPO-v3,84,0,182.45742680419968,1000,808.4513373569331,941.478143254568,83.69215045868425,460.21659003652104,913.108174269955,0.0
PPO-v3,85,0,230.15126496940383,804,760.6588590145356,757.3717407590434,227.7929110449472,418.8272289015997,695.2828172654939,0.7721560301978427
PPO-v3,86,0,168.57148125219058,1000,997.0236248506021,938.9589583890457,8.261245910171093,426.9226639569943,782.780188079656,30.7195139686666
PPO-v3,87,0,141.3877973500516,885,848.7653927452791,831.6990526291593,13.907250379977182,413.02594388896944,670.7946724220249,3.364668490648976
PPO-v3,88,0,159.4618531966157,1000,972.7186228356309,939.1565495768909,0.42477104667140686,417.9765251676005,891.2245185762516,7.0196553592429325
PPO-v3,89,0,167.3514862342784,1000,990.9315493167697,938.1163981447047,29.107028189807753,304.50147724166595,871.7318466556409,7.086702425582464
PPO-v3,90,0,170.45545948969092,1000,983.1342104224093,940.2071474340928,0.3783315189612283,340.42731183556356,775.7647776967727,62.968419748762365
PPO-v3,91,0,166.20402889262485,1000,938.4958889488768,939.706790043697,6.470315748755444,670.5225101858999,773.87219379052,8.218086073644491
PPO-v3,92,0,187.21526137246053,1000,930.8169807917135,941.4850489915859,80.89797025033091,335.18954183203016,927.5100059901666,0.0744990176328536
PPO-v3,93,0,147.9888768054519,746,697.6414346813551,702.6815522650668,70.39257278962626,348.89308090187154,619.2867209770874,6.231606371968145
PPO-v3,94,0,148.85084807362395,1000,981.4656644656086,938.2039850159589,0.025744601935128987,200.7490245852269,792.4306959678531,20.281766022934345
PPO-v3,95,0,144.7211382255606,1000,966.5525592074206,938.1157079034446,0.04282579356355676,206.89943199733284,766.5016164293404,15.319456017900213
PPO-v3,96,0,394.15059098316397,1000,934.8101088734524,940.8845433989767,543.857266089368,351.5668744542999,844.6308515608177,4.680874519047205
PPO-v3,97,0,168.74776883521483,710,689.4918878581217,668.0311568984962,116.98705423943385,405.38553762292304,602.4547072997024,2.3792360835293365
PPO-v3,98,0,177.55495014675122,1000,883.6831556229807,941.744908921291,42.6948291213907,617.6541272208462,866.1771833171006,2.6419716402778355
PPO-v3,99,0,159.9540191975661,1000,970.2050971371415,938.5479326541575,1.0114017241033486,581.4476686049687,772.9353243627132,2.0657887288905648
GRPO-v3,0,0,153.62921907976502,386,290.5821301778807,364.83108549034563,217.5736519965794,229.0401054087324,333.05524124622303,0.3707434386008618
GRPO-v3,1,0,169.6584889917328,1000,921.9240131285912,942.4677748264421,12.292674034514027,705.925742722863,809.5839597428478,4.1210462497306475
GRPO-v3,2,0,229.95638609466775,1000,939.3627091104433,941.4616856435302,153.33719927008573,530.9249472738381,909.1728948133511,1.453407183537076
GRPO-v3,3,0,187.15193449555247,425,402.2583388192649,401.92986488719816,262.3017998611723,251.9481408159371,369.2157836002551,0.053859244505143566
GRPO-v3,4,0,210.03883052374175,602,444.7464447071897,568.695955531909,271.6078637488595,324.3253957460523,463.9097109046906,18.233518740654315
GRPO-v3,5,0,143.0649522853478,436,413.5135571896177,412.3436916581541,145.81875552250375,356.2557734326389,410.3465945591797,0.0
GRPO-v3,6,0,156.31764159332286,521,464.75488843987074,491.03731597383427,166.6811894557716,319.3711486572494,421.93318387210877,1.2385677269183222
GRPO-v3,7,0,83.75706067795142,233,220.66206182860262,220.27819747281515,95.80137698618985,175.98041962195427,219.660829179982,0.0
GRPO-v3,8,0,218.43712784974863,605,383.321235340417,570.5622105163694,331.2867292728508,278.0253694038381,384.7801387718793,0.06690544608390969
GRPO-v3,9,0,145.8567938834075,416,339.2976292284149,394.0627228879779,180.6502194528053,292.09732717324715,355.9486923408734,0.0
GRPO-v3,10,0,145.6392372221397,541,465.51407679984686,509.8859593630998,148.58652530303902,248.50237950149497,449.21159716496,0.010504572815958624
GRPO-v3,11,0,164.52729382276357,540,519.1949899697964,511.5322909790802,148.4452639613352,449.7894022339726,516.393321473699,0.6235638003471098
GRPO-v3,12,0,143.27973921037807,530,496.1470864748542,500.3320932490689,119.77031449120851,341.23899475553236,487.51137096353517,3.131638366812701
GRPO-v3,13,0,296.562152722446,1000,855.5363819451534,941.5442126438614,339.2884642994992,412.74598943831256,850.2176650793093,0.4758380558279658
GRPO-v3,14,0,158.8527940495457,1000,889.0701620572075,940.1279275456632,2.46809413842175,600.8717135921828,826.6975482965167,7.913602288459931
GRPO-v3,15,0,233.9476098488957,1000,952.0106115933997,941.0822314413493,181.0413432957289,419.6513202869433,838.0213769144658,0.0
GRPO-v3,16,0,496.61645417972835,1000,963.203720702299,940.5509505843241,768.42714371722,306.20214445934664,860.0454343293819,5.469857614855238
GRPO-v3,17,0,142.49492937055345,397,291.7409673934236,374.82204697507126,194.58735440285477,215.79647409169465,329.521709343125,0.22934139732439962
GRPO-v3,18,0,141.09083618241004,419,385.73910014562125,396.1178862966542,151.00078915920056,337.29023040691555,395.5957523141991,0.0
GRPO-v3,19,0,292.14261051076636,916,883.128603684669,866.9257251420893,290.37940214514816,697.6077072445137,859.920054781044,0.0
GRPO-v3,20,0,138.17595853807174,362,276.07650190987516,341.9661681570808,188.03405736376385,245.82559630761838,303.100421835826,0.05285749299536391
GRPO-v3,21,0,296.37770340143356,1000,915.9961584176928,942.1177384955633,298.78513908903534,596.6042722470027,902.7404536180444,1.8460318421900743
GRPO-v3,22,0,375.6165274765825,1000,855.8615495776529,940.8835143086854,524.5239858566154,316.4454308332562,838.4285611443536,3.6914934902327188
GRPO-v3,23,0,338.89608322812336,948,897.164376578207,892.7434352318306,432.89104891292635,376.55261168743095,815.5802360626391,0.0
GRPO-v3,24,0,214.29209257350357,880,819.5102834553396,827.6656776361457,193.9750929184284,266.2925435639343,727.8759240150918,0.6384288075874168
GRPO-v3,25,0,149.99150112247898,471,446.7728524356435,445.75553928624845,146.12266723194182,384.35267831905185,438.40679931649646,2.2898811992107406
GRPO-v3,26,0,100.85725310912133,288,272.18925412534185,272.2166644705165,114.5856354081655,202.83470172026077,268.4226144070657,0.0
GRPO-v3,27,0,131.6363366112944,414,366.8214036832585,390.8708545771337,141.72691582024618,293.53835252845784,367.8861487289906,0.4429908019611103
GRPO-v3,28,0,141.94032095790388,456,391.26091883263837,430.12587696341757,157.3737364876307,269.5164588040801,398.74590843539136,2.3077966597103403
GRPO-v3,29,0,141.99990759632703,400,317.0189016935814,377.60109594215066,187.88271760687877,227.10050166539477,322.9621085546006,0.0
GRPO-v3,30,0,171.47824973474474,1000,939.0839582588053,939.3417235942301,46.417883301056406,405.3743065017131,834.1308843916862,1.1656740133677377
GRPO-v3,31,0,130.72032608057847,350,322.1396536928473,330.5468817978121,160.08161136016815,243.0321394617546,321.9393546364942,0.0
GRPO-v3,32,0,189.77047057918006,1000,925.2951310232351,942.7799357417289,51.24233723416662,730.3466944088225,858.6576776845235,0.006207837942280081
GRPO-v3,33,0,166.28451814175307,1000,940.1025098169927,940.8650988165527,2.6071710978722273,444.63234292892497,751.4042090811315,48.18193749609884
GRPO-v3,34,0,225.39766793487263,1000,940.7733318314413,941.810938674026,138.31231102722776,585.6818695693878,903.6366282110439,0.24092434314401412
GRPO-v3,35,0,146.86818060788846,446,434.936137133221,420.7852849105453,161.98746966237485,261.2366738569891,397.52007900350213,0.0
GRPO-v3,36,0,319.9710353362391,1000,875.0137057479437,945.3338920703296,349.34589238113654,711.0039466716498,866.86516019797,3.2003836969684
GRPO-v3,37,0,175.6556355574909,425,354.65656557414,400.826523535683,252.4280579136179,215.28349256525274,356.73671621972125,0.0
GRPO-v3,38,0,183.2416989026508,564,496.5967500821597,532.7716488120061,199.52152344857473,415.4051400124331,514.9056003339309,0.0
GRPO-v3,39,0,93.15089009082833,571,549.9696155685161,536.4878038877193,0.4199112376807495,377.46366335904213,400.45497547806934,6.831226106967645
GRPO-v3,40,0,201.16147714665738,636,503.62599872458884,599.5825763379274,245.40235981456664,289.97107056713014,571.7371857218029,0.4011255286052441
GRPO-v3,41,0,244.6642166148584,763,606.005421729369,719.0881674150352,322.61137299175675,266.71235966437087,580.5977001043219,0.0
GRPO-v3,42,0,149.7737193524545,1000,821.6223177018862,940.7123001039199,10.456799503866048,560.739541991381,773.7994279591571,2.8658054102813333
GRPO-v3,43,0,59.45933220539807,443,249.53235610869777,418.32137513738974,11.268624222351828,412.8476499314838,204.42519467208908,0.0
GRPO-v3,44,0,180.96325811161432,1000,856.1705446196593,943.1280756495469,85.84472248879844,361.98081288394746,834.1426793529633,5.087416346591523
GRPO-v3,45,0,231.49009329719345,1000,842.2851237121924,940.7373006703907,214.92526279518944,306.7912721452332,796.0429821501439,1.130553178942529
GRPO-v3,46,0,169.15249429710877,1000,929.2270380799029,940.7652851209435,37.628800363860016,517.7224087422856,774.2721680945608,0.544997005853399
GRPO-v3,47,0,114.60164215124168,313,285.3395697282464,295.6253067096123,134.2233800549524,230.48577075068977,293.8309234332256,2.9170358129301377
GRPO-v3,48,0,109.57385887232779,336,312.635916471516,317.271417982623,110.63338162327375,281.5801400464604,321.50540067650775,0.2885384097318143
GRPO-v3,49,0,298.2840221214959,1000,932.3109921711145,942.8671561283484,317.3634868473147,503.35527037612746,847.6457783813917,0.0
GRPO-v3,50,0,122.05767606248214,317,280.528294685423,299.8591087482293,151.77416097197636,252.7926560817392,291.2829539945628,0.0
GRPO-v3,51,0,446.3473787242359,1000,970.0969758608248,944.3995955433372,620.5946169348191,604.6782583039916,904.3505681520821,0.0
GRPO-v3,52,0,251.7165854579737,1000,906.1238943456061,944.3137437526373,210.21149186008458,531.8932336328567,898.4818754471913,0.0
GRPO-v3,53,0,60.985067658411374,410,376.71845256757615,385.21930607749624,0.40535666657282043,220.69361994196666,287.47880521205803,0.0
GRPO-v3,54,0,193.93076895036447,757,661.0997022156076,714.3698700382162,155.18536940408666,619.4002883489314,609.7087112008595,0.6067077794631682
GRPO-v3,55,0,179.77602396430953,435,353.8977642868821,410.15621950101047,255.8871994399086,240.3992706419553,381.7816438821484,0.4063398424775604
GRPO-v3,56,0,32.695856042894654,253,206.326654796476,238.0075548620168,0.01687514868981268,83.01621104866598,175.02973703949104,1.1003427600212348
GRPO-v3,57,0,300.4821553556031,1000,925.0373970782304,943.7044626800491,306.46004397345007,597.9693678689434,907.3862485960738,0.0
GRPO-v3,58,0,248.4443493145397,874,778.4507366945611,824.40377089293,250.7521192312132,476.96005327227056,760.9301085970383,0.7014963902098258
GRPO-v3,59,0,68.98093967641583,293,256.1834278527936,276.1021103535253,52.934803919273236,176.9468118874142,241.9981750191425,0.16785471924530437
GRPO-v3,60,0,85.05444184290243,236,208.01919534832786,222.69787392953776,99.74560459394118,186.25740307972646,224.2456574745492,0.0
GRPO-v3,61,0,106.15462938736371,297,269.0265449317285,280.65398959289195,123.22561135294622,234.30179909729927,270.965780759001,0.0
GRPO-v3,62,0,110.84519828391856,286,259.95376056818856,269.8925600336107,141.5015270308986,192.4421541553784,260.1569024181139,0.0
GRPO-v3,63,0,343.64161569400386,983,825.4819018626215,927.9628374312381,440.27117947348677,499.8702426535979,851.7745739621254,0.0
GRPO-v3,64,0,122.70198630668725,407,381.2252858237644,384.70012081251565,116.57204717995458,303.1763743129604,373.69123588662643,1.0200186166115794
GRPO-v3,65,0,49.51923280584393,246,229.79271709363076,231.7667397372533,21.296701634496543,162.55292940820235,196.88290771353073,0.8935020947303585
GRPO-v3,66,0,85.2148765904533,309,277.43560901977344,291.1345518140769,77.57644767831533,194.95857878394196,288.27873389762783,0.0
GRPO-v3,67,0,203.58873366228278,547,388.6864617194234,515.7685898837877,286.78448651225284,264.101932426493,493.11981177209293,0.0
GRPO-v3,68,0,199.48373244000098,869,825.1050892040772,820.7527577165888,120.72971986498484,606.4498885165287,737.6739691238204,0.0
GRPO-v3,69,0,199.30270980112812,531,426.42494868719604,502.0534015006136,264.39535070630507,329.6550665690627,469.5907539632604,0.0
GRPO-v3,70,0,130.42641558074786,431,409.2085253705633,406.8950397299245,130.97289955166016,262.85717077923874,394.25358299735996,0.0
GRPO-v3,71,0,110.87703423448929,321,285.57044855745784,303.28163691733886,125.41988334569861,246.6745093632872,300.33551130766,0.2605147458995207
GRPO-v3,72,0,169.30061087427018,450,260.7490005195219,424.70659363743476,261.2937718311605,231.168642027787,310.08737276232176,0.0
GRPO-v3,73,0,59.33026539044546,284,269.14774420543654,267.88719365961384,26.732624936663786,196.31107525705886,241.90202425070675,0.0
GRPO-v3,74,0,254.5402034219127,1000,712.1891356702337,940.8118878167029,280.35852833113125,310.9706691665354,916.7138273491802,0.0
GRPO-v3,75,0,165.8494379038632,582,552.4393988814061,549.2381805723786,153.56049458789337,400.96392529002185,486.52558350539624,0.6577220565598457
GRPO-v3,76,0,81.2175239750671,259,245.5666443113795,244.38469338005,82.53050106521427,181.49688481436837,236.64453124294178,0.0
GRPO-v3,77,0,274.72129957820806,795,580.1465047877197,751.4338637364721,378.02071312213246,398.172455958561,583.441540937135,1.9731593103689662
GRPO-v3,78,0,132.69365368882123,348,296.9947656773978,328.1348911009939,172.6840351366297,219.71804189516556,319.3967316811696,0.0
GRPO-v3,79,0,106.26859800579014,342,310.26878978886253,323.0214622857545,107.29376363382903,235.59914881443697,317.5969192731025,2.8636790934279133
GRPO-v3,80,0,169.46261637212524,497,424.66140864422323,468.93473985541635,199.31926664202507,337.4009288766992,444.05436795370156,1.7254927029559586
GRPO-v3,81,0,56.608519759515964,253,236.23268492853768,238.76867319728424,33.92828739808547,171.5918486259751,209.2975356266428,0.0
GRPO-v3,82,0,104.9500667665171,284,226.55329889922737,268.0421710416725,137.3611838006758,185.3390482845248,249.65177597077448,0.0
GRPO-v3,83,0,177.3008345653096,847,815.0569313438583,796.5950034976404,98.61095775470055,363.6872057515968,756.8448455066298,0.6815520008807595
GRPO-v3,84,0,146.71558077969564,577,426.85820277050004,544.2154537575834,160.01844814946128,264.7502574372304,424.27280265814505,0.0
GRPO-v3,85,0,124.02583279270767,364,324.09734786240904,343.57711332183044,141.68223211785067,258.22766015655804,331.1528031778256,0.5390349856924715
GRPO-v3,86,0,497.9959126524756,1000,925.5054062849805,941.378345429437,778.5985108441881,315.69212335111496,894.2933618715026,0.0
GRPO-v3,87,0,281.7712885648837,948,843.1295950018128,893.6802084818024,316.35122967274333,432.0697064305091,765.9882301616407,0.0
GRPO-v3,88,0,208.58259732701904,1000,875.3516118291678,940.71501346275,112.2920291890903,665.5144873878145,846.8802372340832,0.1473032484591158
GRPO-v3,89,0,117.47166942530406,309,286.83428931148,291.9005362753551,145.15626259775644,213.16932793866698,287.78714389499413,0.0
GRPO-v3,90,0,306.1007499499114,1000,945.77181844236,942.0100883049681,325.0954868248543,468.1171957786713,902.4694677934303,6.2168319114163095
GRPO-v3,91,0,328.1467939181268,947,744.0071208255697,892.6766755334422,437.5996335182937,423.9734508390598,797.8916541862121,0.0
GRPO-v3,92,0,158.71474481847224,1000,938.6935476769208,939.7414746109685,2.832578874847615,391.1226432385938,776.9866750525009,30.905002192691384
GRPO-v3,93,0,145.09646383572877,380,302.7977097949223,359.7152763705855,189.0063266420998,291.1204616516863,335.5628104355996,0.0
GRPO-v3,94,0,220.2322815607702,1000,970.4892402944735,941.5046266688505,131.84547674558212,519.6801339738862,870.5199964311032,0.04042446317373527
GRPO-v3,95,0,212.476975781117,1000,989.5528598477114,943.6268994647604,90.66650170180262,637.9426639285965,917.6791831073066,1.4824032997848429
GRPO-v3,96,0,172.6687942923375,1000,997.6979076340485,940.8644133382778,11.522936036271156,620.6642924705021,840.8106027943928,1.5411056721776077
GRPO-v3,97,0,93.55480785621289,249,221.62840536874614,235.46664692048097,111.87026368839804,207.46535131118094,237.40050942827386,0.0
GRPO-v3,98,0,178.86141489561788,397,362.025509324066,374.99622903512835,250.62412295459652,269.66523267443176,366.5990362400158,0.15257495990528303
GRPO-v3,99,0,117.85876513764866,298,246.98321888272685,281.57351227586236,154.4612271470843,231.77045485170936,268.0467356643252,0.0
