model,episode,success,total_reward,stand_weighted,n_steps,stand_reward,small_control,door_openness_reward,door_hatch_openness_reward,hand_hatch_proximity_reward,passage_reward
Baseline,0,0,273.61634116902974,66.23727527839489,772,702.500839559536,727.7180036930083,339.57976491410807,427.5521016903053,663.6190557318901,0.02746802336067311
Baseline,1,0,104.24142566413558,24.441384091732072,292,258.47381383425943,275.9007296175621,122.42349587468617,225.2090571035401,268.98031147235463,0.0
Baseline,2,0,111.34395461609647,27.58169230877104,325,292.3757381161638,306.5370187622551,128.48577338979143,217.6832867155653,297.53656014831824,0.5219198249288883
Baseline,3,0,44.94238104592329,20.95820764305634,275,222.42123842879712,259.2165425406697,13.572471992958262,139.54977339484338,217.9814467258716,0.0
Baseline,4,0,92.57786931069496,22.252010662996277,260,235.4380541944906,245.5947754114339,106.3065230410267,204.5685180073473,245.18994757738685,0.0
Baseline,5,0,302.32310981499427,83.37086197519966,1000,885.2837864567426,941.5885011999721,319.1732526512624,592.3038220678724,914.18186086666,0.0
Baseline,6,1,416.8007094726943,76.33204586904235,879,810.7974774295587,827.3592466319184,594.946458608519,305.4484470694307,697.3049324180593,64.58596644412359
Baseline,7,0,516.9242337350383,89.37031675764284,1000,949.6050736959015,941.0465938981451,768.3078192061765,368.19772716214413,839.4632088932235,61.23529009099395
Baseline,8,0,170.81108422527885,48.34809821825715,537,510.99296383735435,507.95603542235807,162.27168094017543,466.38984700137866,522.424744677479,0.0
Baseline,9,0,115.47623543060728,30.375352296436933,345,321.4131304294596,325.8987755465587,124.35541169564942,262.38200768518243,320.4369497373794,0.0
Baseline,10,0,181.13065434840863,78.65603516074388,1000,836.3430231096654,940.3417445211722,96.03051845889253,291.4020283707622,893.129912243628,0.09796814412444388
Baseline,11,0,371.9182053704623,84.18377422198803,1000,893.6856847808206,941.5755581502787,478.89606721350594,518.5585548779306,920.0651550019344,0.8571868811527942
Baseline,12,0,233.7023793995603,86.53652057060555,1000,920.3302061984697,940.587706762305,179.10514397737597,441.53798118333253,879.2614532830358,1.5102066166202854
Baseline,13,0,363.72611776351374,93.93286717567256,1000,997.4166593404984,941.7709338883514,457.3363037024325,398.67439223525537,881.1638861996712,0.0
Baseline,14,0,143.542546838264,32.83989048889812,397,347.38891675197243,375.24026107143135,174.70817852231906,287.1617712143302,354.51774907211467,0.0
Baseline,15,0,357.2153946428478,84.93018741327391,1000,901.6781891731317,941.7140200452934,457.37251275365423,488.0463534646648,841.3051763439346,0.0
Baseline,16,0,263.877047294357,90.14327414811912,1000,956.5155799276818,942.2899879989126,204.96350364741605,726.896088925312,892.4164855292224,1.5273365204964116
Baseline,17,0,329.6798608171566,81.99816737031917,1000,871.260102217488,941.132733377407,412.73988123936226,338.6099747132087,900.3649630692762,0.0
Baseline,18,0,140.66466357654966,34.997320786166306,454,370.15332238775153,428.89183919139293,164.1634410297842,264.3091436638761,371.56674287573514,0.0
Baseline,19,0,174.87688879784685,74.7460046820782,810,789.7420526120409,766.5293083624945,53.79515181988988,766.097121955577,742.5896388288502,1.3963650217054555
Baseline,20,0,212.8568803898408,43.610069831917876,539,461.3411207965611,509.147665241133,284.77817972826523,351.1014476184931,470.8311459855832,0.0
Baseline,21,0,335.90025495454023,86.19728862168061,1000,916.0778389814416,940.956525708978,403.71872973649573,460.2553927967081,900.3353662320291,0.0
Baseline,22,0,330.962526945573,86.42237100292886,1000,915.3213603406249,943.8823002269963,382.03415850157677,595.4611568168862,855.2575503424977,0.2538550256132781
Baseline,23,0,267.4247584643094,76.39980160458073,883,811.1467156647557,831.7486789238915,285.2767715743166,482.56555975960396,770.4426332661247,0.0
Baseline,24,0,181.3648116097928,89.13825814711029,1000,948.7062952976137,939.5388812029507,71.76153674407715,354.2146895667988,844.4625489901572,0.0
Baseline,25,0,125.5314138663588,26.129470778021158,327,276.74731896808487,308.60463742874805,164.78301385518353,217.04331468565283,287.9484223844481,0.0
Baseline,26,0,330.0523182870005,87.27775918674706,1000,925.6619195361463,942.6693933901012,373.4023482983418,597.2784613812928,896.9834702194939,0.08687367417115055
Baseline,27,0,356.66274515903916,86.66612982431722,1000,918.7531354868798,943.0844299281451,445.0957575992185,529.166938875412,864.9035494260623,0.0
Baseline,28,0,199.13500190146854,90.74364183486439,1000,965.0689728716266,940.2386423940685,97.33808922585108,420.7925301837427,870.4119644390303,0.08284338237885591
Baseline,29,0,202.08018820811301,39.21032431333754,560,415.5201472639023,528.3563124216129,280.42018411117186,308.6948466831184,424.92077421184354,0.0
Baseline,30,0,274.3792496965348,90.17922297120914,1000,958.7060701779973,940.5216948741876,245.22030398816068,647.1732251315574,829.8445734815032,0.0
Baseline,31,0,162.2706112212739,58.948117214149775,1000,625.7392446214543,941.7612158094095,88.5665206111012,329.22666531168693,924.5105736670458,2.2305650948345104
Baseline,32,1,261.28949848056783,48.86112869949391,563,517.8282227490644,531.0437103969251,369.2904885134329,324.5512648666843,512.248075517951,12.593379802278136
Baseline,33,0,142.20052303855564,44.340979255071844,544,469.1587726333873,513.9641964434893,120.7945272607185,362.8972933138714,501.6410324083024,0.7859720858618409
Baseline,34,0,206.91348990413465,76.80761607588464,1000,816.635851418858,940.5589997354639,138.7659849711903,398.4125881912414,954.8110236330388,0.0
Baseline,35,1,258.0707837244358,44.148647521981935,564,468.28095416263784,531.4645237954802,390.70247125280827,238.79488353800753,446.78045104600943,10.935021169968925
Baseline,36,0,214.900673680994,58.87361149383937,867,624.7821281959874,817.0153753764125,231.65409931161054,324.39904195072285,710.4271007217039,0.11831532373896625
Baseline,37,0,240.24317902453822,88.4304946534348,1000,940.9950594161451,939.7522570678693,199.34731726695054,358.71513148671045,883.4127005328022,0.0
Baseline,38,0,145.0005840226499,74.73307475748979,1000,792.5430836721544,942.689515120543,1.234774580955082,413.90612734279136,835.5225298772509,20.686936693509146
Baseline,39,0,301.27223888719936,81.0684286687542,1000,860.846160975137,941.2901146196734,337.12372154343876,437.7470940718538,932.215616406094,0.0
Baseline,40,0,168.1492670258332,39.6030048713944,442,419.2792804161066,417.49596490558224,208.85187022507148,276.8575315887024,412.27790415795903,0.3032821880675709
Baseline,41,0,76.85304876846851,19.367668106150006,231,205.2180718253482,217.91621261988377,84.02946240496101,176.79763654487044,216.64481505685004,0.0
Baseline,42,0,397.9304277784101,87.1378342356737,1000,925.0061331346111,941.824122585512,527.3381055326631,515.1725808540228,954.6363402067244,0.0
Baseline,43,0,134.5848232797873,28.428661637772237,370,300.3702475980711,349.8886537614035,174.91107991309835,236.07653248192997,312.84698114048456,0.0
Baseline,44,0,285.4528194484543,77.73485446917074,1000,826.1437665423113,940.7523300224925,319.5758044991195,349.3916446652937,928.785414428299,0.0
Baseline,45,0,123.6915474558027,39.58673956606896,450,420.1642789622766,423.89594334309464,109.02811058476726,282.4415784531899,412.8919008180283,0.78709760864983
Baseline,46,0,308.66948403382054,90.60850182752068,1000,963.4075693465508,940.4653761541152,353.1942217772748,350.5562034619663,831.9154446685593,0.0
Baseline,47,0,88.75824068090756,21.097289120808703,252,223.6882502305801,237.57791683168895,103.54382816192505,187.5359712934498,233.7886064512025,0.0
Baseline,48,0,124.51961406324304,26.33721651894616,351,278.908839226108,331.4504203196966,155.69258141927256,258.2268344199524,304.18788369252985,0.0
Baseline,49,0,190.55680572316254,40.89113322579225,517,434.22396448918835,486.77440650407425,256.8396491685235,231.1334242137982,450.62318321689685,0.0
Baseline,50,0,274.90690729736247,38.99931740791254,674,412.4314258512084,637.147183728095,429.1471833877415,341.25288866860217,514.5742586307204,0.0
Baseline,51,0,521.9771626542954,90.9598708946162,1000,966.5332552154586,941.0527733278581,810.031873522534,299.07030312987695,801.7872408911868,32.743061352817584
Baseline,52,0,89.66593689002354,44.65241130776779,515,475.2567851860823,483.85411411366454,6.810948418292411,397.6884060683241,421.85715638794,2.7752019177455653
Baseline,53,0,409.97636846559925,93.18222754163807,1000,990.0026215442479,941.2236579231445,560.407515222415,397.8658274253271,894.3493540521557,0.0
Baseline,54,0,270.43563184667534,86.50528292463294,1000,917.7906866778355,942.2570461116364,245.25848718027547,574.1619740650326,890.6715991225749,0.921002947251209
Baseline,55,0,293.059686505475,70.34930165826253,1000,746.2624575704086,942.1525710820558,353.58429311888443,523.306973278702,747.6857982702542,0.1366124750481792
Baseline,56,0,243.07812389166838,74.66031463436644,1000,792.4532259946169,941.6761361292828,243.20210799782754,302.0990743392121,877.4295723818931,0.0012237777847423637
Baseline,57,0,493.7287664497107,91.43660462695003,1000,972.3168338271353,940.321335547671,751.2281649076743,300.0431478182814,984.7466044678489,0.0
Baseline,58,0,291.67128214535785,87.72142175253613,1000,932.1633981469096,940.870019341559,305.80914917669134,378.93791165438665,947.6370611753583,0.019984633781426453
Baseline,59,0,306.44699972298054,87.00439813381325,1000,925.1136543520184,940.3207900552476,328.116508949007,509.88791233354635,925.8287706600602,0.012395464097325393
Baseline,60,0,179.2333558432211,81.07767150652715,1000,861.1226561160674,941.6445573755964,91.68081902204318,277.81870940225065,811.8698030063852,6.899686160978975
Baseline,61,0,134.21842332343002,28.128207602830162,367,297.2497659068955,346.89765507711184,168.87988703731276,272.7914245928438,329.09390648333977,0.0
Baseline,62,0,172.2960492459251,35.97527238500045,448,380.8767222971283,422.8822302967519,232.1459850562681,241.529574964892,395.5720967471893,0.0
Baseline,63,0,260.7552307812733,71.768321671493,1000,761.3072010418822,942.2793125188898,292.03153658076275,319.3962950217835,791.3981027801264,5.808565023832388
Baseline,64,0,144.84359943559366,27.47120746820666,379,290.4720489442149,358.34799984034623,198.2597909969761,251.21168341841656,311.89803695653967,0.0
Baseline,65,0,210.8325639251673,56.60674303838609,669,600.9552324026486,629.9510695278758,237.5027642049215,340.4985844928279,606.4929553985047,0.0
Baseline,66,0,162.30213665332528,39.562047922563984,470,419.1214795660181,443.495172267071,199.73444536580294,254.31329657006958,402.87846975293155,0.0
Baseline,67,0,337.7677542323889,80.27457292620969,1000,849.8793147426488,943.9265035215606,423.37616474740474,540.1536290921276,799.3245143048104,0.0
Baseline,68,0,40.51728167040607,27.202754126096792,343,288.9879528893393,322.75222777396846,0.00044432814192801087,64.36497864309325,201.3291808476962,0.0846274917312384
Baseline,69,0,119.35088321503945,27.53016098234078,315,291.1035434664734,297.77612814819116,139.8648358206187,274.85580063093494,302.7751216374715,0.0
Baseline,70,0,524.7832604087387,92.60325760428829,1000,983.8360865521623,941.2090562907822,808.6874521026751,301.3369393686176,876.0661962419541,26.85855022205206
Baseline,71,0,231.25059579795192,54.65684174430805,643,580.3666142079103,605.4280544508844,289.4201256700559,322.81402867123666,554.4922875366386,7.112519119214496
Baseline,72,0,132.09775139136852,36.023946048106666,399,381.19263037354494,376.9564736543617,133.192742438422,342.16860735878066,380.5728175606606,0.0
Baseline,73,1,537.493043999503,87.674076870522,969,930.6180934440506,912.8581713298242,767.3568905548849,342.30510954259785,797.9403010910959,135.7031309931385
Baseline,74,0,348.14662872939914,86.99265452550475,1000,923.1233660841676,942.2097692592748,418.7230132667732,567.5655182131569,876.9140362055107,1.4418300368943058
Baseline,75,0,195.44436888285492,35.629716442409816,461,377.01158216187116,435.4572694362234,280.289298375495,273.9167449361906,399.77261849325504,0.0
Baseline,76,0,186.20506436188413,61.02813147242405,754,649.053930850527,709.2193135565285,167.4427673414519,331.8199123307193,664.7338393854137,0.0
Baseline,77,0,99.95178506219963,25.177566776597303,296,266.20713717879465,279.80150155912787,111.97015834418197,221.16508613733112,266.5878544770771,0.0
Baseline,78,1,185.66249317155132,35.11837881183106,431,371.901354084393,406.6891557340131,258.6049918799681,256.35687066944223,359.7125703110817,9.623988470595457
Baseline,79,0,129.9635209140376,26.596467034711072,332,280.97426851486347,314.0281581329333,169.9020813635674,241.8809053213289,296.34143999309396,0.0
Baseline,80,0,103.99973302259896,23.296138003475527,325,246.61282293068882,306.6593893617406,129.82567174147002,182.3000445152415,263.3408101939986,0.0
Baseline,81,0,477.9463306194586,92.5423074963071,1000,984.1613589888912,940.298828324443,727.3195602381098,317.6470893276822,844.5573309923603,0.0
Baseline,82,0,303.3994676991073,86.28444683708763,1000,917.0087769449713,940.830082560331,333.861191698981,399.8907172347031,937.6589747148623,0.0
Baseline,83,0,292.2296832752985,87.27127321149045,1000,926.2771685267489,942.0975905932703,292.9382368331028,568.8503582165008,893.8737115617315,0.0
Baseline,84,0,154.87368676371543,35.71604415544533,401,378.60007067936255,378.21724061184324,201.23030334502877,223.31047155955298,348.76965050058885,0.0
Baseline,85,0,352.2194913514681,86.21914801301068,1000,916.1937716181933,940.8565250785001,449.53415931434023,411.9713144256195,862.2281185144766,0.0
Baseline,86,0,269.94359422554214,73.19897198983122,1000,777.4713307020014,941.4386924641427,289.49723219573303,421.9399593038776,907.4773956487386,0.0
Baseline,87,0,205.09021007300464,51.487747204277724,570,546.317107879748,537.1844123928047,254.04896885692648,291.43335979047697,494.1751778717193,0.0
Baseline,88,0,477.37197964552513,91.74639309086949,1000,973.7735605975178,942.1190310271418,713.1273753379292,363.0942724421221,847.0476071469038,12.031924780387529
Baseline,89,0,290.3646797634929,88.55372775460084,1000,942.143446327407,939.8711777911631,320.97660164183907,330.7918106032521,791.7241464032109,3.559095484974386
Baseline,90,0,150.6203477799466,35.159757851191294,434,372.1391009078169,410.1017422556165,186.63657030775715,256.2281394174891,373.254526387802,0.0
Baseline,91,0,461.7143235138822,89.87311078183686,1000,954.4281593429434,941.5517097449289,688.8371375238987,384.3113183532643,852.97869857255,0.0
Baseline,92,0,163.66631108504262,45.894236031514026,705,487.02067975061624,664.3412230597503,169.09643191660464,259.53670306729236,574.0369107538429,0.0
Baseline,93,0,461.328053368902,79.33971119828028,876,843.002877779535,824.3653519151178,707.1936548993599,254.9868112885116,711.5173327838623,44.074257892260256
Baseline,94,0,333.648172197084,76.12489299022178,1000,807.6744605429376,942.2323707034445,424.76266556769366,543.9491686768937,781.3778785035261,0.32493526394086103
Baseline,95,0,186.82436040974093,42.24615087106233,609,448.4334093013707,573.6164885147309,238.81057058257417,239.01191032409594,503.2571452063125,0.0
Baseline,96,0,130.13318021797627,36.86983488818243,552,391.5920675113745,520.2940530807774,137.32695804755622,237.14068438934416,392.1835997785278,0.0
Baseline,97,0,107.95966217625099,28.266006714944414,323,299.1585727785252,305.0995913305791,115.0933528113157,251.96565090806098,305.1256789011663,0.13451487358034608
Baseline,98,0,497.25589136274704,92.59897613240942,1000,984.2876190783627,940.7451690243792,762.3872925822088,309.3363769666251,860.2442073396518,8.86744100865599
Baseline,99,0,94.28597832069464,50.53691729312236,601,538.1039064920398,564.3568868563386,3.5607131580037508,326.96038017880085,504.9701468953345,1.5720392936107301
PPO,0,0,385.21943732981873,85.30710905495293,1000,902.1859100626663,945.1026852120076,494.42206061156406,649.8181392638134,898.6298807294177,0.0
PPO,1,0,541.0448595858533,94.23579631552693,1000,988.3142118852905,953.4985991388714,774.946736447254,971.9318939087285,989.7287434725094,0.0
PPO,2,0,457.4722594213782,91.71174662535029,1000,963.2418573912687,952.2143592222177,603.3250562503846,899.0061266116602,980.9804526154876,0.7568814914225945
PPO,3,0,485.14123286867573,88.38351216354944,1000,932.4916001767584,947.6046834126421,703.7504359690904,683.5347033578732,916.972788364287,0.12757123693469508
PPO,4,0,462.09026336616097,93.25431668231774,1000,982.0756431632392,949.3890818463228,616.0068011389509,870.9293273274494,961.7283960988589,0.0
PPO,5,0,518.819117436252,93.49169123438134,1000,980.6137515358375,953.4224339376838,726.6676918309273,976.468405661399,990.0708918976669,0.0
PPO,6,0,536.2146989101575,94.08203966494005,1000,987.0025627355609,953.2189066438501,763.7575160226925,975.8052479291982,992.0809543104485,0.1356197800693465
PPO,7,0,179.46399832883964,32.794518889704996,464,346.11310626398097,439.25887749940506,246.41113902514218,315.2631896772398,399.6092321485141,0.1167022472373257
PPO,8,0,524.149853959669,93.76523985088075,1000,984.3485086680652,952.5840073268649,738.0838953498996,974.0833431370023,990.8538808896642,0.0
PPO,9,0,535.8050671428849,94.19694870758839,1000,988.3712401539656,953.063266311264,762.9536079893152,975.6872609885313,989.892635813558,0.0
PPO,10,0,382.6628965686064,78.52892797609965,1000,833.4847178346649,942.3019961558147,530.4368819290149,429.0241110118791,879.7233234771309,0.0
PPO,11,0,482.5746122701708,93.86203839741555,1000,984.8549865075805,953.0727310727727,645.8952927012467,972.8798631067774,988.3139800371146,0.0
PPO,12,0,447.6930155809901,93.69066535005398,1000,985.7391335814183,950.4669599325724,578.8471592637762,880.1140696119807,974.4252583088964,2.2690347605509062
PPO,13,0,508.99352636973106,94.27209399882078,1000,988.8631258371238,953.3579202177771,703.699457364021,972.7879378198658,988.3455933221468,0.0
PPO,14,0,403.53767066215477,93.86055317570013,1000,990.3354637099428,947.7930399292158,499.1098844898004,740.6290760699763,949.1712312435907,1.67901171533072
PPO,15,0,279.4596604659701,51.431555263253316,592,540.1185941863808,563.5338165165055,382.08308670390056,541.1283655545067,580.6859581647265,0.0
PPO,16,0,526.5849940594651,93.97935048906882,1000,985.4702311427153,953.6656827765557,743.4160168881349,971.990772510328,989.3779469043959,0.0
PPO,17,0,475.9871731247871,87.80041678370323,1000,933.1303720693828,940.9999896645152,731.336104363786,316.24330219794666,865.4668853496504,0.0
PPO,18,0,559.1386954120941,94.08913734050267,1000,987.1038444803746,953.1972831936902,814.9426291706795,975.5998966735995,990.9076022221121,0.0
PPO,19,0,325.01867396719183,72.00995962819275,882,760.0036813912193,835.3569842945244,404.9374525429409,613.0286871602722,802.6524861946928,0.008005791220490721
PPO,20,0,514.6356309756851,93.5396731891348,1000,981.4358561083718,953.101832367212,717.0278546551571,975.7117297029645,992.9567341316182,0.0
PPO,21,0,493.568054461849,94.20291310000395,1000,988.1807397217157,953.3110270932667,669.8093114638715,970.0652257978195,988.3108955137895,0.09184325006329663
PPO,22,0,164.2856029046843,41.282792087823,463,435.1537409388187,439.0822100712771,176.5483674560094,421.4915494941789,449.6293597389615,0.0
PPO,23,0,158.46118720240318,45.36936819663515,526,480.48051812281,496.4859260102605,162.94378825389018,321.8338404919059,464.54203024527993,1.2809164418805705
PPO,24,0,512.3626785727796,93.57958731611699,1000,981.6339600662275,953.3213475476108,712.3259799730879,974.2352416576766,990.4927637177809,0.0
PPO,25,0,542.7782000462735,93.76715407532063,1000,983.4908482332029,953.4269566313503,779.4223100105775,974.2016497917564,991.2184795321025,0.0
PPO,26,0,481.08643059213813,94.20037687523752,1000,989.2663905698951,952.2421929574896,642.1835330718878,966.5336393266366,991.5356373643785,0.0
PPO,27,0,163.45207007368788,73.99777002460202,979,787.4165196764386,920.0399638622313,29.169947978424005,720.2569247442573,781.4084673014778,3.555868161452315
PPO,28,0,522.4537012974607,94.10752087415958,1000,987.2006584259015,953.2926462992632,733.328610406749,975.8729129981792,991.0932018071021,0.0
PPO,29,0,507.38219659994166,93.99430622914772,1000,986.2347934650428,953.0699907838929,700.8705069437484,969.3201958438443,990.6030490782925,0.0
PPO,30,0,191.14784207192346,50.58497758121922,583,535.7078759637566,550.416954077524,212.49581006370062,344.75250267030333,513.8772232278465,5.737896191804
PPO,31,0,525.8635915803967,93.98172216469732,1000,986.4238744421757,952.7690697356604,741.0644831415166,976.0546617349737,992.0023783053643,0.0
PPO,32,0,514.9516479349373,93.83111572437,1000,984.7582621533942,952.8477043702312,717.4097450580799,973.3301521543453,992.3927865342667,0.0
PPO,33,0,468.0585921357713,83.74811821919035,1000,885.2110745548387,945.5970340495937,684.4919623128932,618.9321281841052,906.8496893314784,0.0
PPO,34,0,498.18035695159995,93.73054866131163,1000,983.2407375071423,953.309540117948,681.0147950641555,971.1912388448696,988.6717713835017,0.0
PPO,35,0,513.4174434947697,93.98487606916,1000,986.7175655122603,952.5183447670662,713.6530471216655,974.549356193883,991.224568223314,0.0
PPO,36,0,146.20588366283326,30.138990882856064,357,318.1385464013678,337.98906755872554,185.51400059006735,307.4924685775314,341.40975780941386,0.4013748431420031
PPO,37,0,472.93841994649176,93.81647524866241,1000,984.4886411793301,952.9553938795751,623.9297318099023,974.5425356582075,992.5287720092449,0.0
PPO,38,0,373.83964434471443,92.08175898400687,1000,972.1307533172381,947.1001501737683,433.0039650529024,775.256818774938,962.8652029630932,0.0
PPO,39,0,501.9721282893691,94.11198078578664,1000,987.2677764280696,953.2770404191659,688.94833267185,969.6212777477565,987.0466782772439,0.0
PPO,40,0,451.90015529311296,94.02230501215247,1000,987.510960754805,952.1502526947379,577.9134163195343,972.4721763647735,982.9870886209578,0.12528482252387674
PPO,41,0,529.8545592555204,93.62700230478369,1000,982.1604341009062,953.2962444995326,751.5459056712963,969.2335298718529,991.4044581012133,0.0
PPO,42,0,473.9056574718461,93.67593297010608,1000,984.4448967536631,951.5889329034509,632.4696811258568,926.4471283198347,983.6478000983373,0.32463306913044343
PPO,43,0,506.740294050008,94.35358693550141,1000,991.697815808091,951.4357763248737,697.5990862742207,977.785946241911,991.5564195802451,0.0
PPO,44,0,531.6220387322896,94.04795306181705,1000,986.206518385345,953.6265445308061,753.754220531836,976.1802017610262,991.5135268619028,0.0
PPO,45,0,509.2689289695367,93.97234228970501,1000,985.7888501076036,953.2888538320119,704.2500289331699,976.6724633511546,991.0090098469475,0.0
PPO,46,0,392.94729942058416,91.09020989938028,1000,962.2164342081667,946.4406684259314,490.26068614587814,705.9713625678689,918.6463844657395,0.025409725367657066
PPO,47,0,163.66227383525327,35.34879667292464,418,372.8359612377227,396.10707888495364,199.18831193559578,368.850067494047,404.2712101831604,0.06477973557204275
PPO,48,0,530.1172069615268,88.72703920978206,1000,944.2876848799948,939.6544729453491,847.6155581863891,249.67428341500323,789.970712859626,22.80261929753756
PPO,49,0,513.5903834053967,94.0494871013955,1000,986.7247850406351,953.1557835986335,713.9216711453952,974.0468928010944,991.4759929703755,0.0
PPO,50,0,537.956509733182,94.08828050445422,1000,987.1577446204094,953.140361277576,768.3536569724415,972.7445005652601,989.4371712573308,0.0
PPO,51,0,531.847890343852,93.98815506951162,1000,986.2891483593055,952.9605444016926,754.557837032071,974.6148041246793,991.5593680734838,0.0
PPO,52,0,535.0154301427206,93.98659578380747,1000,985.9518092936205,953.2741393886496,761.5827469864005,974.8695191887002,991.462445111953,0.0
PPO,53,0,541.607721530695,94.04869962451319,1000,986.652786296926,953.2263482009489,776.6417686335063,969.7081382504653,991.6963821716244,0.0
PPO,54,0,446.1040789891696,94.05572480862466,1000,990.2389263128414,949.8304290282026,581.7705233780447,831.0035659237727,969.8489463603025,0.5971229892019628
PPO,55,0,183.3982622260147,41.89115424057251,481,442.2617137914422,455.47859902415183,219.4757563217304,377.6891207563544,456.1494672116054,3.003109263615846
PPO,56,0,535.3178010970358,94.00565171438615,1000,986.6194781336405,952.8116428976937,762.5369037708655,973.214591373112,990.196262342087,0.0
PPO,57,0,507.2230345996975,94.00847854453404,1000,986.6472714531981,952.817676674574,699.6595198689735,975.6568536837271,991.6985885987972,0.0
PPO,58,0,154.82626253317935,34.691599218321485,400,364.73038955476073,380.22457190834865,184.72294452047856,351.74245336984376,388.44431224300615,0.0
PPO,59,0,479.6089370913815,79.74489405195807,1000,848.5392535808423,940.1623975765183,769.6560749698023,255.04619410488914,797.5379654219199,2.54171807620655
PPO,60,0,519.5855547726052,93.96607858230037,1000,986.1839777752675,952.8434808704566,726.9535532531559,975.1671865557835,991.7725124391013,0.4096922189717429
PPO,61,0,524.4972721018495,94.18930412447943,1000,988.2378613533388,953.1204115921064,738.4116694862058,964.8540993673896,990.3206449703194,0.7542271191200589
PPO,62,0,511.22692960880585,93.67383603456886,1000,983.440459529615,952.5396564316874,709.399529918604,975.5421986977649,990.9239035195262,0.0
PPO,63,0,382.3010008533588,92.53203262212911,1000,976.3880534707871,947.6321754405506,448.18965969522645,816.1183643130507,945.5540630545067,0.0
PPO,64,0,546.2966486331511,94.02176244577134,1000,986.1554322416732,953.4375000938509,787.1033835797225,971.5614850978471,990.0057864322577,0.0
PPO,65,0,544.125630199073,94.07037837388958,1000,986.708903111809,953.3930203678722,781.6890733653086,975.2449050756892,990.6584711402015,0.0
PPO,66,0,408.3594157681422,89.10225913390913,1000,942.4009467888169,945.1774449059977,525.3351221214014,705.686219075525,950.3453622507808,0.15649318082022812
PPO,67,0,165.7283444735631,34.6527093525214,397,365.11285334379687,376.6174644128305,209.606912551457,352.98243952953425,382.0680499281891,0.0
PPO,68,0,482.9974965805927,93.70265525977068,1000,983.1153117489703,953.1128325724746,645.9860484093654,978.821667431553,993.2007233005899,0.0
PPO,69,0,520.0615074965868,94.39523506185913,1000,989.9186915304053,953.577267807823,727.6530067137919,973.514266288234,990.9341219821763,0.0
PPO,70,0,400.75324420974346,93.68242773650363,1000,988.301473524916,947.9312374670183,497.368457333208,721.1127291127734,923.5462178913948,2.9201809231079707
PPO,71,0,438.53938812302056,94.0144904361977,1000,988.9880099663337,950.6541603287347,561.7927972911563,859.4291713332776,969.2596987909615,0.8105582845439819
PPO,72,0,275.7412858485937,84.37439667510868,1000,897.586511126431,939.9893716748107,261.96346175998553,612.2533739727126,857.4132536571101,0.0
PPO,73,0,165.00528981370073,84.69997043073779,1000,900.0697218267195,940.9670476844723,6.071364202501271,688.2841181259511,796.6439123217655,9.50515419843282
PPO,74,0,117.48247845929701,24.793787198303942,298,262.09110814217985,281.73412197960806,146.09504032866528,255.33915238782905,283.5793098740449,0.0
PPO,75,0,495.52256319487117,93.96522519374885,1000,988.8006818076782,950.3299790955,680.9042085296699,923.2363098357511,979.7725734196742,0.0
PPO,76,0,326.90004281936797,75.18831996064382,1000,799.2745790811528,940.7602885986047,421.3834726190327,333.7765858686602,908.0066177345292,0.0
PPO,77,0,546.3568954662084,93.90365142061698,1000,985.7541792923789,952.6258645792609,788.2050640109459,965.3779838291224,989.8413209841835,0.0
PPO,78,0,530.7411873197406,94.00479346355066,1000,987.2802237092103,952.1733458431314,751.9990580701678,974.4486013896878,992.2877531025865,0.0
PPO,79,0,485.1622982879266,93.87868243238572,1000,986.4465962636699,951.6653644434122,651.2224562190298,973.5481986414907,991.1220124980631,0.0
PPO,80,0,548.029547692626,93.88313731432574,1000,985.0534047033469,953.09857696243,790.8218799311288,974.5004110323905,991.0308771534454,0.0
PPO,81,0,181.3133808068285,33.68955443466216,399,354.42889269969805,379.01832418706516,246.36781659026414,354.0305539962472,381.13562413470237,0.0
PPO,82,0,48.276332406286315,23.34378254718517,371,248.08851811150063,348.7949180944758,3.0263749168333,347.753221893971,123.66040103655038,0.0
PPO,83,0,518.6797100388027,93.75796656286221,1000,983.9619594190256,952.8646951632342,726.1204783194335,972.1421745819414,991.2083900619506,0.0
PPO,84,0,367.6357288571236,93.69207352408735,1000,988.7645787954164,947.5617344168727,420.65300744986536,695.6515998743894,959.222030730328,5.446058429603517
PPO,85,0,455.0354038916501,92.87434248037133,1000,976.9311862047713,950.5414840967372,594.3681931317287,908.4167131257976,977.3813957496276,1.1584830235129728
PPO,86,0,479.32861505967253,91.36903797914599,1000,959.1309660379303,952.692271754255,643.9878653109367,970.4671797581537,992.7459645665617,0.012515641056396465
PPO,87,0,530.1363632019476,94.19451551673845,1000,988.9071792576261,952.5302154276085,750.1148978414916,976.539045116291,991.2638280144619,0.0
PPO,88,0,542.428414843511,93.5967721232479,1000,981.4549245220708,953.6686607239081,779.2289668050548,972.2631113256386,991.3090418341268,0.0
PPO,89,0,461.7982845113841,84.65527766838565,1000,892.458012296293,947.9052685528966,660.4208989329643,684.8536646804129,914.2183817828798,0.0
PPO,90,0,509.5297093574483,93.74465033124389,1000,983.6443486332809,953.0420204650485,705.678233987424,972.6524605438779,991.944614093385,0.0
PPO,91,0,180.39809603705584,90.10900006194633,1000,960.0467855168306,938.5750246592124,79.29306465919414,269.83728178511154,822.3070557843383,0.0
PPO,92,0,506.7687196872528,93.94316446787163,1000,985.5939500575076,953.1869637900769,699.7125537670602,971.2651457650969,987.8329747189813,0.0
PPO,93,0,387.886843837838,90.29378989165394,1000,954.76575154795,945.5408571938442,481.25097219087047,702.1108190521383,918.4915101537142,0.0
PPO,94,0,528.2987422412959,93.88874553622179,1000,984.7067100992099,953.4717821848993,746.6660680673184,976.2697319310876,991.9355895645134,0.0
PPO,95,0,532.3812812198164,94.25256462262479,1000,989.6651836968034,952.3847046734937,755.1098413006359,976.000951451572,990.5848087865304,0.0
PPO,96,0,102.62556731424708,21.291034317748153,260,224.92564502402286,245.8782936720488,130.02659810350144,208.25665791534007,248.1946190831245,0.0
PPO,97,0,20.282643134324044,10.692731663645716,184,113.94254196872802,172.8457774890852,0.007120296904843752,40.180877528783085,150.2871660804983,0.18087187602025934
PPO,98,0,503.0394922326768,93.32007858251467,1000,979.0402356619155,953.2121512207179,692.8714296628938,969.6035701794176,988.9418358577838,0.0
PPO,99,0,364.0797239287937,92.8550483568771,1000,983.6435952848435,944.0135571386028,414.7007581760103,829.1961894785131,862.9904983757149,0.0
GRPO,0,0,276.22302452210664,85.24894773964618,1000,902.7487056909117,944.058966116503,263.7485865003706,573.3179491173722,857.5521202156539,2.1248839732652165
GRPO,1,0,176.24189217353234,92.67431724048485,1000,987.179510014261,938.7656512004534,71.08295550462545,235.71932767526386,795.8079420285944,0.011089916495160113
GRPO,2,0,279.3791954826274,68.66135919999816,881,728.1467118790816,830.307409271969,334.1581138571894,436.5480417352355,770.3856592026431,0.0
GRPO,3,0,306.16528771808,91.56894918584184,1000,973.1932976951962,940.8954059576596,332.4016118010796,430.0915391252999,861.9364083735226,1.1834738480310016
GRPO,4,0,365.4343096448316,78.33984224240099,978,830.0468736873544,922.5812384346358,491.18131732525114,508.7580286263768,812.4994634949828,0.0
GRPO,5,0,452.47624700688954,74.15542457698062,889,788.428697499603,836.2001075975827,715.7498048635209,240.9234647353392,686.2214605145598,28.217611368085027
GRPO,6,0,97.0465450402649,23.88007624033845,272,252.7093256039905,256.9289416978459,112.16838293579532,199.4451695995394,254.36875997683163,0.0
GRPO,7,0,504.59853809995377,91.71371578169897,1000,974.7667454143133,940.8319974252245,778.8938794185938,258.675827698945,831.9209741749999,22.436389960542346
GRPO,8,0,106.37722527089743,23.79591054673797,285,251.49316879516084,269.3918010240306,130.2854507456351,217.29953139483172,258.872303833081,0.41220036350870526
GRPO,9,0,167.72112944239865,38.32592694038418,474,405.3402687307413,447.68770062884573,211.6870915056322,299.3523618420253,380.97715052070515,0.34153058955262994
GRPO,10,1,263.93285994584664,44.641303326938804,596,472.92484478925184,562.1176334903588,366.2039232855337,294.98773439454015,462.84321837890485,47.45212429070093
GRPO,11,0,203.78249920091014,46.398780399980524,553,490.96705676723013,522.3533326915617,260.57920089081443,311.7353826710229,490.72618533024087,0.0
GRPO,12,0,288.61602628699006,79.31764880432029,1000,843.422904665705,940.2866758314212,325.297114143617,339.9692043440533,918.3243180167937,0.0
GRPO,13,0,214.96904475977092,78.71056423197368,1000,836.8300420111926,940.2209635239393,139.1470681406824,529.8490747012468,942.9969225885579,0.0
GRPO,14,0,136.87342314007086,34.78854242465483,401,368.195450936492,378.6849974526989,152.36626997080955,303.95015140302087,365.5660870407301,0.12642087532632706
GRPO,15,0,323.31452123231793,73.95308148457502,1000,782.8182957595319,944.2044791558836,393.8688536665789,591.2818485959813,849.6818435491407,0.20648854436143615
GRPO,16,0,297.47273550979594,84.94947752004782,1000,902.6653693157099,940.9600042436083,336.06454704618807,377.67040248758383,847.5907904868466,0.08900620069228282
GRPO,17,0,303.4808272555368,82.33775947215614,946,873.3452084234431,891.598965674845,326.1327620016606,596.7235992282127,890.9428984244557,0.0
GRPO,18,0,127.01377329773578,28.99979408892528,346,306.8017454819412,326.8950113740806,156.9453688313632,238.39280713526136,309.3784575586792,0.0
GRPO,19,0,170.1702148481179,72.59849169382007,1000,770.474792773474,942.0112714630299,89.76132287967675,322.87555311441076,820.7070040544492,0.0
GRPO,20,0,320.0273593002188,76.99440731101168,966,817.6423383181972,909.3779415799688,400.48659130912506,438.38920855263444,817.8905094493833,0.0
GRPO,21,0,157.49090269783764,42.09423064132069,506,446.9927218544206,476.55871559500144,163.81353521994967,372.07190885326594,460.9825812011736,0.07959058519290652
GRPO,22,0,211.44767726662167,67.7447125058195,748,719.2616346483572,704.5052985146965,193.9994135318925,488.9826212333477,635.4680401376969,0.5162731511371961
GRPO,23,0,315.4290462557365,86.52269599074044,1000,919.0747876097365,941.2663873425246,371.55137574193765,380.8650120367463,844.2169878378393,1.297517678272394
GRPO,24,0,176.56175612971947,87.76757566183986,1000,934.2004891439203,939.4695455324095,71.54226796490171,268.0604465828837,775.2424927186142,12.671465481710815
GRPO,25,0,289.73430211604153,72.45734920107166,1000,769.2150513948975,941.8034192715199,344.59130310647856,441.47081544205196,800.2750052821901,0.3530728024060562
GRPO,26,0,264.8050875941035,79.0390031205413,1000,839.1637679638982,941.6547438488619,256.31581163016534,487.2147488905949,917.0703684714347,0.5991810625330092
GRPO,27,0,352.79639652263666,80.69617968842903,1000,855.4255651403469,942.9838705405678,458.6124394939692,526.96713637485,787.5252448635756,0.0
GRPO,28,0,210.9101544595434,38.58926409807066,715,408.74623743669605,673.7068006036852,296.6450684570354,291.93190385620625,484.4962400524939,0.02629245820521786
GRPO,29,0,328.84139019784965,83.9907372755545,1000,892.6535751375319,940.7702074928679,398.1282371912686,464.4939220648363,848.6167731088359,0.10688979297316903
GRPO,30,0,495.86140410746697,86.61748122412655,1000,921.1887224101685,940.1520792608168,778.0387798166965,337.70596130446694,823.976602508999,2.9781250718692
GRPO,31,0,210.54431532955977,58.654742663826376,746,622.5849236525852,702.7192827784168,220.11743160217773,392.50123291912024,664.2333359759447,0.0
GRPO,32,0,257.6693231722166,83.31811668696159,1000,885.9498639426022,940.4172995323642,256.000829741528,382.0098271684698,800.9427189245043,0.009159419767970411
GRPO,33,0,129.03508740775547,30.960311621946573,346,328.61483745136513,325.93211046031286,160.73392737252897,207.35623988346015,307.5339294799558,0.0
GRPO,34,0,112.7530982972624,26.75521836965278,313,283.27056444139043,295.50288969120027,133.31246006452182,237.71926891832663,282.4261890531689,0.0
GRPO,35,0,273.9777514225774,87.72810328286523,1000,932.6843894901392,940.451103896294,280.7875632485111,347.37454389207363,832.347359154368,2.5975700730284244
GRPO,36,0,153.96537549545266,46.313509717175776,516,490.094606848264,487.49814872211965,146.9161556912782,353.7039795841304,470.0856081845282,1.0003323679105132
GRPO,37,0,191.51285705251738,39.48583718253465,458,419.1158343221327,431.41150761802095,271.6952066410656,213.90482031812132,381.3787173119447,0.0
GRPO,38,0,255.46997985119742,74.9642558094221,1000,796.5637165033148,941.0809407994302,259.4289717757627,340.53568585414604,932.6307805088476,0.29818121294878475
GRPO,39,0,114.05723118273467,28.52317633887969,331,301.6081911768791,312.8919017129109,131.17829819764046,230.84696181248788,299.22945128584894,0.0
GRPO,40,1,324.5043517426525,63.68811858044146,700,676.4689602777596,659.0169440947597,449.2297204676445,273.0182734657054,592.3456725001193,43.984747581371735
GRPO,41,0,216.8575623333853,57.15891564910603,634,606.5640541343644,597.4064214256421,253.80970643022934,341.4324642380019,568.1959739132246,0.00816252318524946
GRPO,42,0,96.94856875162021,22.85203249357964,270,241.6329869144231,255.22543265563894,114.79410376061881,199.31312853411487,249.4706627811258,0.0
GRPO,43,0,49.581331017623526,18.55655504679645,209,196.9678403370091,196.8702268884777,30.906815527702204,156.16029218922642,186.17388747799552,0.0
GRPO,44,0,491.7719062038557,80.50628257324584,1000,854.8460188336347,941.5589445599089,781.903537624981,298.9931836130986,808.1805967226537,11.572407664517145
GRPO,45,0,226.62545320043753,76.3597284284692,921,810.5740575068454,867.4092633010895,171.1286131756489,609.1711679875532,855.7599164067288,0.03227035203544315
GRPO,46,0,91.37990184993497,21.95044772943156,256,231.7405689365724,242.24996822906667,106.62392327042608,194.2990855781878,234.67468739804593,0.0
GRPO,47,0,182.5373268261619,43.15694226245472,572,457.4462624178729,539.2490150684357,240.82757851550687,245.29594268877275,374.8635419458093,0.0
GRPO,48,0,239.62478393867875,40.08857738055082,522,424.80646636544736,492.2681584978734,357.79263675863217,254.63717527125667,481.0338529760782,4.988481726790341
GRPO,49,0,378.26287852804717,91.63690090386575,1000,973.4162897476946,941.3591260382508,494.3690105578237,409.8013324577248,872.0030694843616,0.19915078873151681
GRPO,50,0,471.57488532931455,89.99800928687138,1000,955.6769344603646,941.6065009661748,702.3401573280261,367.4136484719424,832.7614858977878,15.757281503842545
GRPO,51,0,136.50045270642846,34.46347691820184,382,365.5786261045189,360.05545089033956,159.8770836380371,252.88285830313527,348.9629047190619,0.0
GRPO,52,0,276.13150192203256,82.23370367844372,1000,873.7363230409957,941.0631566582945,285.5265601418907,455.14050118828277,853.0764224064766,0.0
GRPO,53,0,132.10176248726677,29.171602287867618,352,307.5315984079483,333.5411813993619,160.63684981049886,287.1984033083509,325.67315238514186,0.0
GRPO,54,0,485.094003860096,86.49554264818573,1000,919.735905045788,940.3925753579495,758.9770522191048,279.46029546391924,803.6755840056264,8.291410685245895
GRPO,55,0,296.8887208576648,86.39196420861315,1000,917.7434682303749,941.216732408761,331.0538026942243,316.62323585826846,906.494877234116,1.0475422343766363
GRPO,56,0,139.49374652445618,35.91288219291975,407,380.8046679696522,383.76566384209497,156.50083658397574,280.2390602737476,382.8706971012015,0.0
GRPO,57,0,161.10584796787785,43.105508027187426,514,457.2324968989981,484.31276243604697,178.76221479121233,294.73362883633484,419.3738117863053,5.2913464386082945
GRPO,58,0,200.9611877251113,51.487511458606164,758,546.9287750703055,713.1487651291654,217.05814033101674,346.0101145468905,688.5482058591863,0.19884884926774837
GRPO,59,0,189.96729344738725,89.25652890820538,1000,949.1687238289899,940.2710124619123,57.818136150886566,699.7171806703715,794.0350155896336,0.01426702366395216
GRPO,60,0,245.37331163470216,62.84244112043366,713,666.7642696733858,671.8496744864063,292.8558728054943,390.2709953061297,624.6435597297982,0.0
GRPO,61,0,190.0867607754721,47.30123412344678,543,502.435720076896,511.1235478533007,235.35010849104538,241.6428764636769,495.91668015742346,0.0
GRPO,62,0,233.28060653752257,83.4229867546033,1000,886.1441009355044,941.180038623494,200.58889460530943,349.4959983280612,760.7636583678728,11.656098216380697
GRPO,63,0,195.94370018029696,92.7708874713904,1000,982.1424040532221,944.4558005929375,55.55583813563432,649.4789222570419,906.2701811457607,1.1006582220884014
GRPO,64,0,170.81967171573828,32.84074533441614,546,347.18388807893376,516.5674894541868,237.86244385820183,253.6346323147199,364.6717259060859,0.07288209740244733
GRPO,65,0,222.60666126684453,72.25639208192656,811,767.1981589196362,763.8976615327099,210.84215817640947,379.62664076635167,719.9738560179874,1.403637618046794
GRPO,66,0,486.3895834939039,92.66941094908789,1000,985.8004542121089,940.0326026286828,749.3408133478279,265.65614595561743,864.6799848102601,0.0
GRPO,67,0,103.08145606501587,24.318010801950614,279,257.2947556335382,263.6192164122184,125.73246325635662,192.77122914382383,250.90550681027136,0.0
GRPO,68,0,321.7183480021011,85.63103529531853,1000,909.3347033387039,941.5019493570095,367.052648560993,514.2522732741521,904.020143812559,0.0
GRPO,69,0,135.71165724944012,42.57083861613662,496,451.8078072089705,467.14974961507903,119.71768375384886,317.87517228486644,466.61738005505225,0.12352379164423422
GRPO,70,0,122.90579602603529,24.575227367759975,317,260.2417220780392,299.3188869774304,168.978672906134,177.45366666831404,268.3496503419868,0.0
GRPO,71,0,199.12527712856345,41.48868039512624,529,438.5799787575888,499.91502316219953,261.8649988332797,341.13874470565105,454.8082004635749,0.0
GRPO,72,0,145.94970958846653,33.77841369089838,416,357.6696436696927,392.6427898528223,179.22214760699805,253.39990565540452,377.0266838329757,0.0
GRPO,73,0,240.02662864042455,65.19125709807824,785,692.6688327358985,738.8408313932664,279.01530817136006,339.79554986908187,645.7741074356061,0.0
GRPO,74,0,135.35135915152767,30.905092257051486,362,327.10506567208074,341.8614160064795,162.98094909880905,281.86242746969305,340.23436853055,0.0
GRPO,75,0,147.64365606954522,39.02459811391051,462,413.93553731591305,435.455748141443,159.36282423915338,317.5914756084525,420.52426535186333,0.0
GRPO,76,0,172.07369439181932,80.56462938644368,1000,856.0765600862384,940.9514903150847,81.69799658857208,198.2105502224531,827.1750341334688,9.930535207777972
GRPO,77,0,496.20418398437045,91.29364212687203,1000,970.7757407036667,940.348334301661,761.745160360213,352.49908846118683,870.4241874578718,2.7973025698567446
GRPO,78,0,109.00027321654062,24.397044939702457,287,257.5891640463468,271.70351891348616,136.61729173638219,204.49543208370451,258.01350782561826,0.0
GRPO,79,0,253.81545461090553,88.64589551428017,1000,941.8619159932675,941.1371924605717,220.25863046137252,469.15522098774153,850.4935402576639,0.20210664781990706
GRPO,80,0,77.006410660909,18.480771660681707,219,195.8359114218174,206.5341606098272,89.43434621553422,162.1632711535185,202.59518871520143,0.12074345657413088
GRPO,81,0,98.55971629535217,28.69842121011276,356,304.5476688167294,335.38843970045053,99.69987145665561,199.3107299505224,300.6163286443638,0.0
GRPO,82,0,140.21259771706343,29.787030505972794,390,315.98510190760254,367.5072960858134,187.07815151091563,193.4673037109114,331.34067691265994,0.0
GRPO,83,0,321.9742916520317,84.57431939381986,1000,899.1210842289406,940.4356204264749,386.14239063721317,352.27720122811616,920.4407282011987,0.0
GRPO,84,0,213.94356518232485,51.76337008207945,584,546.9057775714908,552.5878090257784,252.7465383940904,422.8147304522868,546.0703260058085,0.0
GRPO,85,0,500.79894692852145,81.3268637223164,1000,863.1992526990214,941.7601761790328,789.3993924305237,362.0284893509672,797.8467218079495,17.853131584351367
GRPO,86,0,306.5751651587832,84.95629462951707,1000,901.6685220200292,941.9460054488449,340.95757788527857,493.20421638239503,862.7767789853825,1.1111734642909799
GRPO,87,0,224.69170370985512,73.21486254556312,997,777.5831521879575,938.5864564597962,197.72335865309662,424.7346241785834,825.2919712293923,0.0
GRPO,88,0,129.03130920016721,33.38420679477517,387,353.0036207128891,365.774588215928,142.4167166710766,275.89837491156294,355.29322315658857,0.0
GRPO,89,0,304.5568147617163,75.14332583675287,1000,798.1624905466756,941.1482002820238,362.25850193616225,399.693801094495,927.4857179670664,0.10910600174967988
GRPO,90,0,299.96788805778147,89.53139571819996,1000,950.2784193654843,942.1137377579041,310.25280654204397,509.16205102724496,907.2883536550742,0.0005976044162276928
GRPO,91,0,317.75051226479223,84.37031998872496,1000,895.4921948065731,941.9023286772253,365.97828014685365,508.93648525044046,863.4260055691491,0.2052619114394304
GRPO,92,0,340.50376135763213,83.8146554437194,1000,889.1695859223016,942.4018693076102,422.05173060632075,468.14331568629973,867.1732271350718,0.0
GRPO,93,0,334.7774228550199,82.39236296559521,1000,875.9207244949553,940.6316417947485,422.54664291369227,401.2080873158966,843.5733242493641,0.0
GRPO,94,0,79.08638406626247,18.10044942242624,218,191.63101193190892,205.80279562123232,96.14847632780774,152.49140976637443,201.89099616008002,0.0
GRPO,95,0,273.76457446248895,73.79984671860957,1000,781.9828526226621,943.2241698842361,284.63988324990015,640.0419672229035,776.0871791245191,3.058065611580057
GRPO,96,0,303.5637737582415,86.92944430401776,1000,923.6111877543044,941.0650415394767,331.94802459485095,392.27602082735876,951.4085971028926,0.20996425722263445
GRPO,97,0,107.18249905900848,22.079915802416053,398,233.30969443491273,376.2525075775998,140.35662974289792,198.04788118431836,240.79411626144656,0.0
GRPO,98,0,327.60314209445306,82.92163017482375,966,879.205982926171,910.7029713625492,387.4308902414987,539.7361995511338,866.9952436324406,0.0029690050763166997
GRPO,99,0,428.315571637433,92.15124418755165,1000,979.822957506911,940.4697183424147,612.7054957354801,299.95065146620345,908.9864359121043,0.0
PPO-v3,0,0,184.10486822420725,87.89417294305149,1000,935.3931850860453,939.5414194650432,53.125098133822114,320.9630108865779,713.3876490305621,58.819623214510095
PPO-v3,1,0,152.65717993325686,89.94888909893758,1000,958.7634080499007,938.1437599644916,0.031043818493991963,226.23097444037987,754.5453357618067,39.01573030253593
PPO-v3,2,0,225.89420235141762,88.06346259490628,1000,936.6536836759273,940.2170348006189,144.86635067265252,287.04290735689386,727.3734466392036,62.628755011465245
PPO-v3,3,0,5.492030253457833,4.467533315416215,78,47.609955079519736,73.19567208126892,0.0033984761802615944,7.831511208835592,12.62784126637439,0.0
PPO-v3,4,0,138.69173142722818,78.59800545222184,1000,837.3222774036134,938.8508717207412,0.1796650197145809,313.87600981388846,795.8432149988122,12.934044215713017
PPO-v3,5,0,4.52211497633553,3.0933323917370874,65,33.0134758582359,60.958463678233564,0.0046377736524640225,6.638316451999854,21.89559527709678,0.0
PPO-v3,6,0,136.17023597539236,76.65618288176428,1000,816.601906705879,938.8299869550142,0.06852187533922066,341.4526967211139,700.7915199061409,21.06002119532173
PPO-v3,7,0,151.10403344347637,89.47951126467765,1000,953.4089460854892,938.5532104828467,0.0057313137859337955,199.01176487303687,725.8074507355153,43.945663734763855
PPO-v3,8,0,11.230742437120977,9.11779448318344,112,96.92139077041823,105.36904814276663,0.0048672656281268205,11.215731109390505,30.999422578707048,0.0
PPO-v3,9,0,131.47719798360322,86.21324453236822,1000,919.6312973656998,937.5835039679283,0.0259934611323179,196.82075158534965,623.4251940253799,12.114168894825848
PPO-v3,10,0,146.53322893367215,43.2854847401229,508,458.9033238881015,478.9839130358264,147.0880791385663,294.6865976859844,432.3747375049497,2.0144052047076677
PPO-v3,11,0,12.540642269313123,8.70550357412757,102,92.61357542110319,95.87548506306076,0.0018257325783266904,10.234705670237846,39.65036887906931,3.828752537314151
PPO-v3,12,0,157.9116049043925,92.42938401720009,1000,984.9597310373707,938.4042843243767,0.281942531782623,367.99508065305827,803.4629773219823,19.37841099753781
PPO-v3,13,0,3.623373079297198,2.660915985772548,41,28.376056448887145,38.45872487495987,0.00010040720692426544,4.129634366320575,15.11860383931013,0.0
PPO-v3,14,0,10.812550602343027,7.788784416194751,96,82.81130010795877,90.28491168842889,0.0010239643719545512,9.642777635893808,46.53372738161828,0.6128004323008442
PPO-v3,15,0,331.919038408648,72.17210154840163,868,766.3384682949007,817.1658698004925,453.31588071203885,353.25820659385687,744.5593196914119,2.4683263587579014
PPO-v3,16,0,4.163028494377255,3.0026660597122943,46,31.990465710908328,43.20305057032789,0.0001028042494788005,4.601241670807675,18.605081784246245,0.0
PPO-v3,17,0,186.00185199506862,81.65069981755917,1000,869.0212664624096,939.5699710202454,98.27418877097334,359.3108198963665,745.9699024300511,13.89637461214485
PPO-v3,18,0,7.64760122900323,5.729311218608173,97,61.080807644977334,91.12907689506514,0.005012264331653442,9.708273178046726,28.61241665086946,0.0
PPO-v3,19,0,20.699958360913637,13.398931589516131,153,142.2434953713309,144.1103857886057,0.0014789902736683158,15.380646019733685,66.73637224607708,9.127172321382336
PPO-v3,20,0,86.12451455891639,40.29067925912257,800,428.5264244125166,752.5789369535526,0.7411159325219715,249.72584352302013,641.5840545163867,2.6709663662533227
PPO-v3,21,0,168.24832859967972,87.83779174104161,1000,934.1783542012785,940.1570122952571,27.674737872700057,538.1833352339737,730.2289214166984,12.960834238255813
PPO-v3,22,0,4.160469885561115,3.2355240402185013,59,34.537211023993216,55.31347163181891,0.00018500548621104443,5.9950375340161735,12.502214323460203,0.0
PPO-v3,23,0,372.52938965762866,69.65429810929142,829,740.6403942471612,779.6050929323297,572.0672926859336,264.276395327121,644.6198014662261,0.0
PPO-v3,24,0,144.83506789311306,73.69453009255473,1000,785.3947449349008,938.436611411672,0.03256109329737076,252.4868072721329,799.8093014303386,52.888799638431045
PPO-v3,25,0,37.999784182845254,22.43794521820192,315,238.08233354426184,296.84656417753325,0.008127401744677111,58.66163419600439,111.25283936395822,20.1784513024575
PPO-v3,26,0,153.06603129044314,88.11225298155762,1000,938.1440497469208,939.1267742463089,1.313661144782599,389.9164327240788,693.7202244577148,29.08799409898193
PPO-v3,27,0,3.355154821878472,2.366385990678663,35,25.267929034890912,32.81791737770221,1.2220083553060915e-05,3.58740048511974,16.18786615812447,0.0
PPO-v3,28,0,179.81563387185247,91.47000163105946,1000,972.9853699962687,940.0528785177494,42.00365429661007,450.9452072640185,806.6587167078713,18.7536903106402
PPO-v3,29,0,175.44210362020686,91.8059802627691,1000,978.3020035889407,938.39323906198,46.68995888016046,406.76433019959546,755.1345846290684,12.94484605694904
PPO-v3,30,0,165.9950710894306,87.44481525617103,1000,929.6907962579371,940.4949574825513,12.154191114165975,545.7719247329712,751.9423666448622,23.414729322838223
PPO-v3,31,0,7.4507267314136,5.9861771951644505,92,63.81522855969236,86.33220386649583,0.007085636414056475,9.278444993877285,19.948775003379183,0.0
PPO-v3,32,0,251.29872820179116,85.33526918376889,1000,907.204587003167,940.5029701556214,215.03148623948658,451.65734616644085,818.785005825668,16.220493173280122
PPO-v3,33,0,105.74090426077584,50.85580421928809,1000,540.7994442725649,941.3471420683967,0.0037357108836322617,180.31401194066575,789.2972586086696,18.293872697495406
PPO-v3,34,0,136.43663464230863,84.38111322927223,1000,899.2775899305963,938.5277874107799,0.04446766898460433,149.56725276340228,652.3038533222059,34.11987330775162
PPO-v3,35,0,156.66592740802287,62.298003024781174,712,662.5769521313143,669.4948113159363,110.10484436245866,255.02662025205734,506.6146451017003,19.253374721278377
PPO-v3,36,0,5.653081037123843,4.151985715082495,68,44.208131232809265,63.914710453768414,0.005101232882661488,6.833098003188969,23.142897341694013,0.0
PPO-v3,37,0,154.47702697973025,92.65075059238904,1000,988.1839721838529,937.5693899984033,0.06694051012135219,301.460504580132,834.982077085579,14.211497355717732
PPO-v3,38,0,190.90723070653837,78.33605623502137,1000,832.6056955421174,940.7879321992757,123.20716968386229,278.01954608098964,783.2493934507822,11.612860391971893
PPO-v3,39,0,157.5455619588481,59.59130364306444,672,633.7645489374078,631.7810645438644,110.2683362835963,278.8085843940037,547.0451406790977,20.116630670029007
PPO-v3,40,0,7.767950844983625,5.31521580951734,204,56.532488673402725,192.10634559627619,0.0002782811000751973,20.403203370986247,28.648992808438596,0.0
PPO-v3,41,0,90.16516752877202,51.49495649282448,708,548.3392801749391,665.2451409284536,0.013790998102173116,131.46768320951585,514.8423663060213,18.138578888642236
PPO-v3,42,0,275.90693528986714,78.52700917356579,1000,834.1457490144145,941.1207831662481,292.58748251443285,383.1550772088971,827.2508672093139,14.843605039701819
PPO-v3,43,0,181.8831776162819,90.96749359791039,1000,969.3978560751265,938.3562615492873,73.55779205629179,297.744436064936,805.1120431350756,7.633867522970256
PPO-v3,44,0,186.03243539068694,93.4515531135296,1000,994.9501502045421,939.2448677960256,36.94435361425597,325.5059667785054,748.0826048336176,63.64712734324672
PPO-v3,45,0,184.53899051984598,86.03256370065448,1000,913.5956234903854,941.4961219054954,78.32920449152766,375.75962250376546,748.8259748488781,20.08287122963411
PPO-v3,46,0,160.35276553635907,91.97062965416265,1000,980.1031595955644,938.4012261679622,0.025103411661605644,202.8932736634115,802.9966895875194,51.64668909829205
PPO-v3,47,0,44.85629803223996,27.74697499123261,346,295.8476299873937,324.5701155143356,0.004567993519595644,57.2752532880086,220.9434121397029,9.132383350108512
PPO-v3,48,0,152.32406306700912,46.439814454276494,527,492.23395992779655,497.0835555007823,133.67378054135017,323.9796372474966,442.48946625706367,21.164549125420145
PPO-v3,49,0,276.5986827240212,88.98195049940034,1000,945.3090430182341,941.1277647006116,258.2680815423305,517.6129683681581,882.7259744080044,3.9404239764688693
PPO-v3,50,0,7.213776541652782,5.595261940847148,86,59.622664550007414,80.71509150708545,0.0007507246559163216,8.668212938601021,23.695322555608392,0.0
PPO-v3,51,0,153.95989916850155,91.400673895852,1000,974.0289542437828,938.3952139962371,0.018236632391997194,203.01569581942107,685.4726091466806,51.79029582790857
PPO-v3,52,0,143.66387127453856,91.79858018754679,1000,979.2712471822412,937.4272486508265,0.03841673334567917,186.47983028912398,743.6237358556058,15.265214999284533
PPO-v3,53,0,8.391412773033858,6.53748466657891,90,69.570574227923,84.59491065297814,2.2129360832518095e-05,9.054969699184346,28.023393265667092,0.0
PPO-v3,54,0,4.080222918321257,2.822713097646168,55,30.092131769171875,51.59860263086088,0.0013617287838254943,5.5099127321528485,19.62802812229447,0.0
PPO-v3,55,0,9.250380113789191,7.438764510336604,98,79.14458344794502,92.14316120286271,0.00018184322046396916,9.800828046495742,26.429847433571762,0.0
PPO-v3,56,0,157.15626617127913,75.83831662169386,1000,806.871133711726,939.9484087805062,80.05473359065695,219.69183293825986,647.2475052388576,5.561007214096142
PPO-v3,57,0,4.216963234293291,2.9545183124349723,49,31.499957506026202,45.99693249706988,0.005520354846832686,4.92221315846969,20.27700208507518,0.0
PPO-v3,58,0,166.7006449983793,89.29677727480103,1000,951.6108331182232,938.4210851024014,1.525273817751586,334.74959865801173,800.2487015940168,57.05022712282528
PPO-v3,59,0,275.85701064024306,88.12060072170492,1000,937.7858347339727,939.5933073156698,262.0762195806754,311.05920588033274,787.6339072666651,42.478444142526996
PPO-v3,60,0,185.47515237349305,83.52630004749405,1000,888.7530600413099,939.8365257986657,79.50681916233727,409.96126169450594,879.9741124193102,4.7828999921617745
PPO-v3,61,0,166.27418305135043,70.38107192222282,965,747.8279927754157,908.1511317329649,77.06658463576319,382.7332308829055,801.5764617186242,5.707609751309047
PPO-v3,62,0,6.327842073150893,4.858012120301954,69,51.675182351116426,64.86949220846,0.00010088323118412522,6.90560003267091,22.490091075227188,0.0
PPO-v3,63,0,198.4932513197664,43.33474463584196,730,459.75416912043903,687.8753057348707,256.0567979722233,309.1939837270617,446.07906212473006,6.197986582383611
PPO-v3,64,0,264.04280044169707,86.74507728053018,1000,921.0746835511939,941.5751388241428,240.1057501502568,464.8953823798371,880.6359923330907,5.638762451156786
PPO-v3,65,0,171.1830224523743,88.45228643120326,1000,940.5548445345491,940.3749591388774,36.04887737912789,456.5950640990592,694.660447126203,25.559901826571544
PPO-v3,66,0,37.74560524936323,23.162589661343958,259,246.86983625033463,243.00351773208376,0.007588002514190815,49.10099941721097,170.46917767309384,10.28883466392185
PPO-v3,67,0,20.29767796610077,13.172658213920421,154,140.0129249316362,144.86272762699835,0.014625986907437607,15.455290980997248,89.38277149497408,5.361528383638383
PPO-v3,68,0,136.74932917974584,41.17047262938792,461,436.47722132018214,434.76708841131745,130.47735331860432,325.4704859076554,407.46497020488636,0.6207850038823723
PPO-v3,69,0,171.53520306781198,91.41441824637124,1000,973.8651098082797,938.6487189388238,38.64416682600443,382.67109008771683,766.6970148836856,15.035727146196095
PPO-v3,70,0,192.55749106505195,87.16704625663215,1000,925.1974540296065,941.9609428573527,66.25829499326035,521.8681076173393,808.5801519314127,25.862283097185983
PPO-v3,71,0,3.757708247455048,2.602608083192039,40,27.767648397597522,37.49861506119613,0.0015955396254611325,4.009139719863765,19.07850370876726,0.0
PPO-v3,72,0,164.00285871290325,89.15342404379906,1000,949.0711129671697,939.3687595597285,17.60022311655276,428.71753418743623,891.4449631725936,2.632026853296807
PPO-v3,73,0,143.1465723381452,90.95206189305665,1000,969.6899554512598,937.9777320132638,0.005742596481295081,208.1069444164043,701.448680653207,19.18327149483207
PPO-v3,74,0,143.46514306418484,48.147579699225666,543,511.19318920325543,511.3175830012164,122.9596353343581,258.0087520726146,434.55266962120385,15.30758965659176
PPO-v3,75,0,15.68640047774776,8.804328454597135,105,93.70017109842642,98.70425969421726,0.00021904891564261634,10.538050630711322,63.38268112119944,9.102676752980148
PPO-v3,76,0,140.60715419986423,38.28217856489518,490,406.66516623583277,461.1213982151413,152.70842980410177,222.1911327287675,399.2615094142685,7.2387146170609356
PPO-v3,77,0,14.074427374503749,9.923861282412334,116,105.35709745524493,109.25346482830247,0.0006783052816273722,11.654326286236111,44.978935461158244,3.7674221924141884
PPO-v3,78,0,211.8696430315469,81.58142982204072,1000,866.7247615226631,941.1120017161245,142.40512936864528,356.4974305574164,801.741295099552,23.697053459335752
PPO-v3,79,0,7.127839966264876,5.3501233612854,74,56.891429928589105,69.5733853815569,0.0011190946293052262,7.432543945116417,28.111716302809384,0.0
PPO-v3,80,0,174.7016571316209,91.54173148759537,1000,974.6675060199648,939.1867999536379,34.61602926334549,489.8078628565079,704.9873878562998,22.40842839965694
PPO-v3,81,0,6.013051304402021,4.4755904378132465,55,47.60880598877032,51.70426020844425,0.012514330949464364,5.501108422605506,25.135479930624783,0.0
PPO-v3,82,0,183.81746465204648,80.35362664310769,1000,854.3196956345658,940.717317507359,73.59587182028754,561.2630847916371,835.5333078433893,1.4453601658810515
PPO-v3,83,0,389.4014002238342,87.22288965612833,1000,929.1841778766112,938.5787603555082,535.8315954141088,303.8649667083301,873.1175429326578,6.300477569449019
PPO-v3,84,0,3.0197236206435556,2.0858365643773293,39,22.274446290178886,36.54704657963935,0.0010121506789238233,3.9088623651077663,14.759769404106436,0.0
PPO-v3,85,0,166.24025085257497,61.74950122896143,739,654.4260415873667,696.9377897806559,120.73570120712841,327.97090847248654,567.5507251887053,15.381721135275246
PPO-v3,86,0,147.77940444682724,92.27448603391355,1000,984.3211921437567,937.4487310606044,0.008567381871280085,244.9727329668399,812.7308119474092,7.473959558169191
PPO-v3,87,0,5.295278085541466,4.098316767066767,56,43.64919892573932,52.57879649974375,0.004700191761073506,5.6646477788161045,18.232276864828265,0.0
PPO-v3,88,0,13.601312997912247,10.043763725399257,121,106.69438335404408,113.89984293974123,7.381250456989867e-05,12.175546398892118,58.21153783833087,0.10903384292798035
PPO-v3,89,0,183.7757800511847,91.74074494502962,1000,976.8385370078116,939.1622532540904,39.15596866096269,590.5196589128734,741.1448337467987,22.376070216395362
PPO-v3,90,0,149.44374023470104,88.11077769802314,1000,938.643461617658,938.6646588098807,0.02508574213698108,208.48641546947363,738.7712475038497,39.88225944014244
PPO-v3,91,0,255.27265397621045,90.2305090935284,1000,958.1046197115342,941.7586090575531,204.93495038277038,569.9220005177065,880.3367191234893,0.8813749382165171
PPO-v3,92,0,3.6890431100412906,2.61965304635178,40,27.93637799922499,37.53467166984333,0.004369621248861621,4.080820515918162,17.26765416663226,0.0
PPO-v3,93,0,153.99102691535666,79.37460892479409,1000,843.785828918825,941.3937728005567,31.80036991289293,407.284385972437,706.2724518654042,13.224027536767112
PPO-v3,94,0,171.6866111994539,88.78779129826748,1000,945.8965148697182,938.7260187539862,0.005412709489692505,158.61847744804052,697.4555895818877,114.55051665834189
PPO-v3,95,0,5.579605299117328,4.333538636827547,65,46.06708665555687,61.14284982482626,0.006624469358983886,6.519206691226047,18.34250633033868,0.0
PPO-v3,96,0,100.71361651551541,61.962091729334055,721,660.3361076226191,676.6428364801532,0.012294732988942587,185.5893624431484,535.8996386261618,7.632977436773459
PPO-v3,97,0,103.02140719006614,25.587905289901535,297,271.18896011943434,280.1370499476397,120.11774765885579,170.5899653672794,265.2959624438741,4.532054466062354
PPO-v3,98,0,6.851238396582642,5.114192850333618,74,54.430068997274496,69.54202602020226,0.0014643384969162943,7.410874446416021,27.3168574320922,0.0
PPO-v3,99,0,54.71147562855504,28.791315944720854,403,306.2678338216777,379.0092861199444,0.006820909117450821,46.3997058144642,256.5150504786661,30.775292743070946
GRPO-v3,0,0,204.2727494298169,44.495330985725595,609,472.1629415861623,573.7315000207172,275.1945422924091,261.49011464937894,450.1374241630864,1.0242784910969895
GRPO-v3,1,0,101.94791547287262,36.96492157398382,489,391.97734185303136,461.0444094082997,63.55245293408698,293.4829261793973,434.0329408471613,0.024562077776627
GRPO-v3,2,0,178.70160455265724,45.41767421040557,532,481.8204108580505,501.24458436729276,215.4150311041972,271.70397618712286,455.23935072013654,0.0
GRPO-v3,3,0,207.2090031610257,64.87920080489054,837,688.2887437201263,788.5155985493961,182.8600233647912,436.42706825340184,764.4287685861835,0.0
GRPO-v3,4,0,275.84941006089895,84.21960611163095,1000,893.9190389490361,941.9628839545541,264.1457570166807,517.8314674244942,930.8577133226503,0.9421550125833626
GRPO-v3,5,0,115.56410762033536,27.088084891167128,311,286.9369881604394,293.5706675672186,140.58107249943615,216.96543106751355,287.32537102092533,0.0
GRPO-v3,6,0,341.91125582867534,87.54018048539798,1000,928.2784816816817,942.8405830099229,407.4259160904494,530.4943084693895,890.0939535821094,0.0
GRPO-v3,7,0,172.8405816839069,61.52011940049941,698,653.4326618522994,657.1136445440438,127.70832705836993,406.57229733901573,653.8247921729516,2.3767446615504304
GRPO-v3,8,0,121.79289440772241,27.331014941914486,334,289.94664375494057,314.8100842092603,149.68602099414784,236.17170216200645,305.89169820682355,0.0
GRPO-v3,9,0,145.40427252233027,36.98937460444625,450,391.18511139527476,425.18290517003936,167.6926221485365,281.19329373810046,376.71071767955027,0.16576394331422217
GRPO-v3,10,0,308.9972220173792,71.79753917498876,1000,761.4807245819335,942.454630999451,387.39576318288414,448.03358645210875,809.3982017497444,0.0
GRPO-v3,11,0,128.55495892887507,41.21016348414897,469,437.4350210232198,441.82860697837066,116.00922845613886,277.86395114107637,423.61832999666694,0.19008166450422403
GRPO-v3,12,0,147.41004926230926,35.20039712667252,399,373.5992636254955,375.88483415160107,184.13029109895513,237.0586868888002,349.961735933338,0.0
GRPO-v3,13,0,193.78198763751058,34.6532621717826,576,367.5691803166855,542.5027664270345,270.6965468497995,256.05800004723454,490.24758761912625,0.0
GRPO-v3,14,0,94.11185842982967,24.617714644755036,324,260.8492872705277,305.6924536992026,101.71382844442459,200.08626520364388,274.3721544980292,0.0
GRPO-v3,15,0,372.9152723152936,92.4557274320729,1000,982.9135563908951,940.5981011981521,479.54834352218353,398.5899714814837,894.6658344832769,0.0
GRPO-v3,16,0,283.1898429047496,56.44564631275272,803,597.346325121475,758.5117127482459,376.6529857492073,470.84853231150095,669.168130980382,0.7129138293126428
GRPO-v3,17,0,156.0101952656046,27.34975246573969,376,289.63630015687414,354.56581168881627,226.02215965179187,214.01850097979374,307.62231918980933,2.4812284230811366
GRPO-v3,18,0,285.2172518174461,89.0800876086338,1000,945.4836070442092,942.0392092190639,292.05271892691087,438.8046170540834,855.4641967799648,0.0
GRPO-v3,19,0,109.69018961501264,25.47665283307914,294,269.14626528418995,278.095392679521,133.14448320809288,218.84103331107085,267.1293534547641,0.0
GRPO-v3,20,0,378.7467383408578,87.94492524976422,1000,934.2993904539186,941.3885245525684,509.34646338784336,374.1812009351669,857.7368903961113,0.0
GRPO-v3,21,0,151.52407559945672,41.911141886563684,478,443.912316406258,451.19136630288887,154.47854595247603,348.71029796453064,453.24146272104355,0.0
GRPO-v3,22,0,80.02717217626159,29.140792300032572,337,308.28345423701893,318.4082823672117,51.467311756432316,253.4966297830115,301.02516193367865,0.0
GRPO-v3,23,0,246.8179212552907,74.49675891980158,1000,790.6062915463012,942.1522677410495,230.29012483515817,444.65800423689694,929.1541189564615,0.0
GRPO-v3,24,0,234.3386173253639,83.37423734154065,1000,885.6930892527652,941.1905028117067,160.35968404037504,645.6652521632427,921.9571048220515,1.2040123325432222
GRPO-v3,25,0,250.95863133477664,86.33774567684283,1000,918.0900109175249,940.2699744552089,209.8201255679622,433.1895964590457,944.0789779143456,3.824001239089088
GRPO-v3,26,0,328.2705361791495,77.6894135349133,1000,823.8971950318607,942.4323296088666,410.3922220136953,492.0149233987103,823.605915208741,0.3530880220008231
GRPO-v3,27,0,152.01244630642557,29.766730603675278,426,315.16776209179665,402.26307223611576,204.62262853160445,271.2364156919965,328.3049917343349,0.5384642634617913
GRPO-v3,28,0,160.30960603214743,41.38283107844248,483,438.6840745419828,455.48036381334157,178.92661828407844,335.90257123096995,432.2933632864225,0.0
GRPO-v3,29,0,387.123392994081,90.90503585163816,1000,966.2175135141092,940.8518740230494,516.6351958720743,357.50537062642087,917.1450093737723,0.0
GRPO-v3,30,0,276.5491016188162,83.39480953056712,1000,886.1303790165744,941.2125363064503,278.6409148300179,508.4525967713357,846.8650115234889,0.0
GRPO-v3,31,0,130.531591255876,28.190928522960064,350,299.09752250958127,329.7405204739916,170.31551671363408,204.88426648830202,309.08933774731173,0.0
GRPO-v3,32,0,109.35556866612332,24.27363490805359,283,256.66822504625986,267.46847398820927,135.20405578526348,221.60562716017333,263.1965459338495,0.0
GRPO-v3,33,0,239.1796112904384,90.15233633532856,1000,957.6693790372099,941.2985747508201,195.5158815282903,371.12991880180476,779.8773597731388,9.985040967520575
GRPO-v3,34,0,225.5438244324926,46.79474945492678,588,493.45721888571643,556.7360804740862,282.8606944212754,482.96145967938156,546.2737900804569,0.0
GRPO-v3,35,0,247.89450830191495,62.34030964105623,760,660.9984267138985,716.5243300367997,288.625342177831,456.0020313237868,655.9838507220211,0.21000165298419426
GRPO-v3,36,0,98.57314953105977,24.15862840628987,280,255.49013894067716,264.59985161478176,113.01796384624976,212.8820705645427,255.17589557612973,0.43868310549682565
GRPO-v3,37,0,112.88438032253165,24.53493142838305,339,260.16807780650214,319.5181711474873,147.13089860869545,169.86453820761972,272.94635219709454,0.0
GRPO-v3,38,0,109.14243748418512,26.861452850731247,328,284.31232196628116,309.84948478345325,123.37026996190396,244.76064465720515,290.52661835473674,0.0
GRPO-v3,39,0,113.83966687248277,25.557799428901625,306,270.51945552762885,288.91421853730833,145.49225279682855,191.3947663988908,264.812307301275,0.0
GRPO-v3,40,0,352.80379786990994,86.48740971877262,1000,917.0919599503313,942.770621098578,434.48554571022595,495.8083858175945,920.1494658131313,0.0
GRPO-v3,41,0,305.2084994483061,64.38143136940432,853,682.7658110076691,804.2673938882715,407.9329445056195,465.46141493622304,679.683446091248,0.0
GRPO-v3,42,0,421.00835680316334,85.53399821959661,1000,906.401985993914,943.3865617708984,584.5721479417682,593.1380192058665,855.19982098956,0.0
GRPO-v3,43,0,259.27295559221227,52.758859032393545,780,559.791599421368,735.457327434311,347.42802602750317,385.71987185941094,617.7098250894343,0.0
GRPO-v3,44,0,237.11298257567552,90.92131501634047,1000,966.7177783883221,940.4246090034261,182.4846846115858,415.30819545579294,866.1629942266331,0.0
GRPO-v3,45,0,154.11822828001135,35.42789655002588,506,375.16116741757645,477.8047621264508,191.3370799947626,253.50462686368655,375.2083579634348,3.294275688532187
GRPO-v3,46,0,187.91701130689637,29.13521588519043,468,307.8462978962891,442.565612458639,285.643006145924,265.096730945288,339.75212217551814,0.0
GRPO-v3,47,0,295.2503654619946,83.7164428245517,1000,890.2369649589913,940.3448691775625,322.00280767818896,375.29843685330906,957.3547467918604,0.0
GRPO-v3,48,0,315.93688098687744,78.72115656003618,862,836.2664943830146,811.400493619676,397.3273687791182,418.8954236064372,749.4727459183295,0.0
GRPO-v3,49,0,155.087777426352,26.747623110996937,394,283.40619824402006,371.8179313019757,230.92841018724982,179.41074479075917,309.0366498310949,0.0
GRPO-v3,50,0,309.83809390212457,87.60874863281907,1000,931.0034290170908,941.0294925281828,354.3757850753584,379.4825775618403,875.7222621460419,0.0
GRPO-v3,51,0,122.14489542723378,22.93447167189937,303,242.71778759939252,286.27647839777234,171.31139113881014,190.95916870198553,251.44678615541105,0.0
GRPO-v3,52,0,115.34858453759072,26.825702102505485,317,283.7396166521439,299.55450764040387,136.9748048769857,249.65345603865268,288.030948770181,0.0
GRPO-v3,53,0,191.3981019736563,40.067347644182256,530,424.1464385129326,500.39535739529583,248.85366213680345,315.72327306478843,470.63519383927337,0.0819514934557588
GRPO-v3,54,0,346.2581702213583,85.9400200931347,1000,909.7331215857637,944.2340617421535,410.6666989826504,644.8990428375552,865.4636688830743,0.0
GRPO-v3,55,0,97.57910796161792,25.987895495552912,299,274.7464908859659,282.6618711964775,102.60014285553493,220.624845830197,277.7351083501616,1.4375727773039912
GRPO-v3,56,0,265.3334180696042,70.21398851990813,1000,745.673360694821,941.2300964794538,316.1506836617081,373.6460680563382,682.1448587763382,0.1773587436960764
GRPO-v3,57,0,269.212720674105,85.83990747093972,1000,911.9200943747941,941.222949042945,274.11169070035214,379.60063078739654,818.353596808003,0.3566885949620896
GRPO-v3,58,0,237.46614965533087,82.2060832689864,1000,873.7653991562096,940.6308121288067,192.26996259199055,513.3852507380159,861.3864136609583,0.0
GRPO-v3,59,0,295.0206975224108,83.39618101276523,1000,886.5699115914657,940.5511564938391,331.0179674639367,315.1013926151002,938.2272304023794,0.0
GRPO-v3,60,0,248.20427478340915,83.98526922505384,1000,892.5010682535685,940.8935108331142,220.45187200939995,474.97820541850604,825.3350576639951,0.0
GRPO-v3,61,0,300.61124347342854,86.77664810391995,1000,921.9906140354906,941.0161558689348,310.6202444742188,540.6172032636048,940.4925038585906,0.0
GRPO-v3,62,0,234.13388312706897,62.74518868386672,707,665.4773818903029,666.5922465796726,255.28240427383307,473.2656224076409,656.9666279919122,0.0
GRPO-v3,63,0,140.88788760662842,26.80182871504364,345,282.9597692629585,326.5389000683676,189.66558131908684,262.6635752750096,312.0673706849023,0.0
GRPO-v3,64,0,214.9030913457473,47.63530736505848,565,504.85576074074964,532.8945323968143,278.8277142069193,333.7266227313759,502.17962902012664,0.0
GRPO-v3,65,0,130.0813437477535,23.790446675036204,426,251.75035075831406,402.28547099061666,182.99078665795668,207.8671246972921,271.0337368354438,0.0
GRPO-v3,66,0,86.23025718328275,21.507212388532466,251,227.6756979409594,236.9573629168329,96.97121535749395,192.7002733069498,229.0196843706104,0.0
GRPO-v3,67,0,287.6764169907456,78.50283938482595,1000,832.8701295674948,942.2441315189659,310.54563321175334,492.80642951446987,895.7544236981556,0.0
GRPO-v3,68,0,114.1521159724903,28.01737760261129,324,296.1002632576146,306.39997666442287,127.61108569303482,269.0036417836285,305.19135437663795,0.0
GRPO-v3,69,0,164.6634016582519,66.36774480187441,766,706.1532179401187,720.1049746098092,118.36638508743135,288.0325212320761,606.2222894710219,0.9086943767950736
GRPO-v3,70,0,194.5906568719107,51.11186722350453,645,542.4279333906529,607.5771202202889,216.02450170663735,356.98052108596517,568.3747565224237,0.0
GRPO-v3,71,0,286.49477491999676,79.96637086585362,972,849.7282014126813,914.5394070325472,306.404349599151,499.58818608641263,872.3036616140071,0.14815528429776337
GRPO-v3,72,0,103.8196568493234,24.468177944083912,297,259.20054078976676,280.37898169821705,122.26441542131182,211.45460101119116,275.1952383017908,0.0
GRPO-v3,73,0,156.9244444076367,27.153689446169448,497,287.0691183642491,470.4859248600829,234.0071316366482,208.97974192901484,280.371172570493,0.0
GRPO-v3,74,0,129.40482976516327,36.77813399499563,421,389.336222309548,397.53343765585953,132.92397120489636,278.4937439034783,373.3715573736181,0.6218390403130333
GRPO-v3,75,0,409.66622233394594,93.31257343933925,1000,992.4799515073748,940.1798878384283,568.2684043551703,299.740930233991,912.9164084616106,0.0
GRPO-v3,76,0,99.36802932252635,24.46249398795451,273,258.7260822069865,258.11228314912074,117.46000251777235,189.4372672499719,251.5334167815146,0.0
GRPO-v3,77,0,97.45324922865264,30.89939141181759,369,327.6697588636411,347.8456795621164,91.17335192987377,204.25012379108426,306.2668651767533,0.0
GRPO-v3,78,0,269.4152295670537,87.29774470374068,1000,927.4460380234888,941.2625962044511,260.8968327026361,467.4760509440943,826.7625228007089,0.005661313962360692
GRPO-v3,79,0,310.7688175477689,72.48123794009466,857,768.274017397007,808.1992563435376,386.87858212363676,513.004122596096,764.6257927567017,0.8877768125641311
GRPO-v3,80,0,176.2509497373196,30.059144263549875,490,318.74783237410395,461.6778116023619,253.28365599045895,221.45366516061486,422.82954040065005,0.0
GRPO-v3,81,0,130.02907681256042,39.47411630204167,440,419.08107470993525,414.4499638831409,129.83439453008972,240.01075727411092,395.430366865726,1.0212193285327535
GRPO-v3,82,0,226.38923710132136,41.37533638904202,562,437.6050355819293,531.2665479273802,320.6277966336874,342.96992752146696,471.6579170209352,0.0
GRPO-v3,83,0,218.11859603330115,67.75053660890443,776,719.5028541934831,730.5790050532369,201.62060858578334,472.6940032964971,718.7070854771044,0.19637463461233162
GRPO-v3,84,0,463.93266836111434,84.41773663617218,1000,896.7665437125884,941.1383278145032,707.2899859852681,367.0170790306806,857.6716816007354,0.0
GRPO-v3,85,0,80.37782879750972,19.936024462435775,222,211.14064479287035,209.5667893119007,92.8294550154332,167.56347533894495,205.80751622363587,0.0
GRPO-v3,86,0,185.74190168043708,85.31294597394569,1000,906.7346960165279,941.2034048758862,101.11880352789336,289.7065635563121,782.0344348666437,3.824126279405619
GRPO-v3,87,0,220.21138235513047,49.61713528695345,650,526.6330234414431,612.195228213247,286.6308169914083,295.6441725515992,536.563415889267,0.0
GRPO-v3,88,0,315.0914063556335,78.51615527254802,1000,834.3725959237366,940.7672438855792,390.5128558565201,319.8129711588976,897.0763477941317,0.0
GRPO-v3,89,0,288.5960732893361,93.13450277233514,1000,990.4459384626955,940.3139431915183,292.1907243333067,386.3671365827421,884.1010862548478,1.2923812146673006
GRPO-v3,90,0,156.17796271593141,34.25381753808672,425,362.4784216989876,401.4652516755387,197.52426474706076,282.28334037139047,378.47892718463333,0.00032189676060578876
GRPO-v3,91,0,141.08933363696704,23.134705095051416,346,244.7676828614882,326.83400709705586,208.7001755761032,203.79606389775847,276.99492675562294,0.0
GRPO-v3,92,0,268.6585890405809,76.49104984995762,1000,812.7675686906108,940.9637822183977,286.83490113155517,341.13944251643267,920.6972311120279,0.0
GRPO-v3,93,0,102.06473451966339,25.74357312871538,295,272.24999452313835,278.7810811880332,113.75413638284226,228.25779234843128,274.31137086828664,0.009548165237189044
GRPO-v3,94,0,166.37716900180843,29.371609204243768,488,311.47763240952025,459.81871844922466,231.07120776758092,211.28125156945904,449.18907447360783,0.0
GRPO-v3,95,0,253.53249939059316,86.75809043411414,1000,922.767571531835,940.0044058776729,230.58607979046354,327.0338617326793,933.1795992827377,0.0
GRPO-v3,96,0,109.45727033377592,27.400271327501716,308,290.29876038971463,290.69061431957863,124.12599355219707,233.4769923811985,290.52904577451085,0.0
GRPO-v3,97,0,189.0186696608678,56.64511100722526,628,601.4146663855114,591.5033510817577,181.7148775758235,432.52311106759424,579.514163822842,0.0
GRPO-v3,98,0,346.57457487271256,82.00371026591174,1000,870.3828791529802,941.9998102549933,447.5662479288571,427.4825165248665,835.8385442514351,0.0
GRPO-v3,99,0,193.0188487051548,89.07588445916942,1000,947.7352209617268,939.8271272166808,97.40599132976322,240.77442790282046,731.2923006667789,32.876947768890915
